item_id,question,answer,group_a,group_b,support_a_rank,support_b_rank,best_support_rank,worst_support_rank,retrieval_category,support_match_flags,support_a_at_1,support_b_at_1,both_at_1,support_a_at_2,support_b_at_2,both_at_2,support_a_at_5,support_b_at_5,both_at_5,support_a_at_10,support_b_at_10,both_at_10,support_a_at_20,support_b_at_20,both_at_20,top10_passage_ids,top10_titles
5ae524415542992663a4f121,In what city did the 23rd overall pick of the 2015 NHL Entry Draft helped the United States national junior team win a bronze medal?,"Helsinki, Finland",Brock Boeser,2016 World Junior Ice Hockey Championships,1,200,1,200,partial,,True,False,False,True,False,False,True,False,False,True,False,False,True,False,False,hpdev:7c6e98898ff4c2e681eb | hpdev:4fb0d36f063d4d6aef17 | hpdev:83ef43a3d0c0af1172ed | hpdev:f35505f2fb8f81b3bf61 | hpdev:c1e3b553f2e352010e1e | hpdev:118f74795a8e7bc3698b | hpdev:cd3d049ce79bae9a18ac | hpdev:5eb46c5a5f58df87d4a3 | hpdev:88ea6460a29091aaf278 | hpdev:8ebad6cee0f59887156a,Brock Boeser | Brendan Perlini | Oscar Dansk | Ryan Johansen | Ivan Barbashev | Matt Stajan | Paul Bittner | Jérémy Roy (ice hockey) | Nail Yakupov | Michael Hjälm
5adf076f5542992d7e9f9277,What New York representative and politician was defeated by Alan Hevesi in 2002?,John Faso,John Faso,"New York Comptroller election, 2002",1,2,1,2,complete,,True,False,False,True,True,True,True,True,True,True,True,True,True,True,True,hpdev:b657e799f8003399cc2c | hpdev:e4e83ce39c2ddc8f2c46 | hpdev:bb6a58785d74b33cfb92 | hpdev:85b299a2e477f4c5a7dc | hpdev:1424df7cec39fa26e224 | hpdev:b35b343e63b15a2c4c83 | hpdev:8a0b11c5083f0a6309cd | hpdev:bb10921bd0013122e985 | hpdev:bd58ea4aeb0e086e9e5f | hpdev:a4e927a66e6f9036781f,"John Faso | New York Comptroller election, 2002 | New York Comptroller election, 2006 | Linda Stender | Bradley D. Simon | Kevin Aguiar | Lila Ratsifandrihamanana | Thomas Suozzi | Peter Silvester (1734–1808) | Dennis Heck"
5a8f608d5542992414482a94,The Pollution Prevention Act of 1990 expanded a publicly available or private database?,publicly available,Pollution Prevention Act of 1990,Toxics Release Inventory,1,7,1,7,complete,,True,False,False,True,False,False,True,False,False,True,True,True,True,True,True,hpdev:2f520ee52685b2864b67 | hpdev:dad189e862f4a4371a90 | hpdev:8abb864ed56cc4447345 | hpdev:76aa11d36caea2ca9f64 | hpdev:d4bf682b61beb700258f | hpdev:13389875ae1e69b4135f | hpdev:d40eebb8a8e3ecc31e88 | hpdev:feeda14cfcc7a6714afc | hpdev:c8fb8b264323b70ae831 | hpdev:4deb67d4fe65602b16ed,"Pollution Prevention Act of 1990 | China Pollution Map Database | Arctic Waters Pollution Prevention Act | Pollution prevention | Central Pollution Control Board | PPS 23 | Toxics Release Inventory | Canadian Environmental Protection Act, 1999 | Fires Prevention Act 1838 | Embase"
5a87ab905542996e4f3088c1,The arena where the Lewiston Maineiacs played their home games can seat how many people?,"3,677 seated",Lewiston Maineiacs,Androscoggin Bank Colisée,1,35,1,35,partial,,True,False,False,True,False,False,True,False,False,True,False,False,True,False,False,hpdev:c64efee2f5227e7a6556 | hpdev:7e142cab380cbd8b0e7e | hpdev:32022898e58c840d2a5f | hpdev:57249dbe3e44b1200e64 | hpdev:073803858c3e9058c844 | hpdev:4eb87ae67c481ee04770 | hpdev:b3dec2a0d61fcfa06a4f | hpdev:850bba37a201f2639254 | hpdev:cfbcd327950dd32287a9 | hpdev:ca84e98c9b550644b685,Lewiston Maineiacs | Dwyer Arena | 2006–07 QMJHL season | Billings Bulls | Case Gym | 2011–12 QMJHL season | Red Deer Vipers | Viejas Arena | Lehigh Valley Steelhawks | 2007 Memorial Cup
5ae3a1aa5542994393b9e72d,"Besides the song ""OK Computer"" what did the same band record in 1995?","""Lucky""",OK Computer,No Surprises,4,11,4,11,partial,,False,False,False,False,False,False,True,False,False,True,False,False,True,True,True,hpdev:535e84814fe12d73f78b | hpdev:dab12243a1a708690b71 | hpdev:0c7cbf2d3664f8184ed9 | hpdev:cc084e53a3f9883713b5 | hpdev:aa5e8c2062ad615e818a | hpdev:45fffc12ef8d75504c75 | hpdev:3500a7c0de870cc11a4a | hpdev:eab7acf1cdb7e17b109b | hpdev:31acbfa4b93a71643da5 | hpdev:4f557ea162ab08e65d5f,Lift (Radiohead song) | I Promise (Radiohead song) | Man of War (song) | OK Computer | True Love Waits (song) | OK Kid | OK Computer OKNOTOK 1997 2017 | The Writing's on the Wall (OK Go song) | Paracadute | OK Bartender
5a84524a554299123d8c2203,How many books are in the text composed by the founder Nyaya school of Hindu philosophy and is used in the development of Indian logic?,five books,Nyāya Sūtras,Indian logic,1,2,1,2,complete,,True,False,False,True,True,True,True,True,True,True,True,True,True,True,True,hpdev:cccc01bd30fe8cce0182 | hpdev:94c4c5556eb5f6b8d2ea | hpdev:b0fdba2666fe94aeff63 | hpdev:9507baf57fc814c163f6 | hpdev:db73f743a0161117b909 | hpdev:8c4ecbb638f42587eceb | hpdev:1f928ebce01c8f75606f | hpdev:c456710d469ce3727542 | hpdev:ed7faabee4f35df27059 | hpdev:361443e0c1014cadd2bc,Nyāya Sūtras | Indian logic | Dignāga | Hindu philosophy | List of Hindu texts | Dharmakirti | Udyotakara | James Fieser | Buddhist logic | Jayanta Bhatta
5a7e32905542991319bc943b,Jennifer Jones captained the gold medalists for Canada at the Sochi Winter Olympics in which event?,Curling,Jennifer Jones (curler),2007 Trail Appliances Autumn Gold Curling Classic,14,17,14,17,failed,,False,False,False,False,False,False,False,False,False,False,False,False,True,True,True,hpdev:d5023b7375d1df02dac5 | hpdev:fe6371a99d2e9132bb64 | hpdev:973af8005d43584fe030 | hpdev:212d4e9c32b821b1c92e | hpdev:5dea5cbc1ba027d171d3 | hpdev:9021420a925058ad4819 | hpdev:4c889b8dc534bffd52d3 | hpdev:dd6c42c45cded15ff2ab | hpdev:96a400ccf28a62148e45 | hpdev:85342c8c9a34bccc2490,Meghan Agosta | 2014 Winter Olympics torch relay | Mārtiņš Rubenis | Ukraine at the 2014 Winter Olympics | Canada at the 2010 Winter Olympics | Sochi bid for the 2014 Winter Olympics | 2014 Winter Olympics | Johan Grøttumsbråten | 2014 Winter Olympics medal table | Miracle on Ice
5a75a4135542992d0ec05fcd,The Woodvale Historic District was built buy a company headquartered where?,"Rockhill Furnace, Pennsylvania",Woodvale Historic District,East Broad Top Railroad and Coal Company,1,46,1,46,partial,,True,False,False,True,False,False,True,False,False,True,False,False,True,False,False,hpdev:468749e48eee60d22e3c | hpdev:92c1e13cb83175ed1790 | hpdev:518219283fe3a9bfb0ff | hpdev:345daa3378fe40ea57d3 | hpdev:79b8c2d9f2a820817a90 | hpdev:6cf9401cda0012360d72 | hpdev:e35478541991086133c3 | hpdev:fc106371199fdb788202 | hpdev:a9af62d00e3bbd8d0853 | hpdev:76d0e2d8bbecea6dbfd8,"Woodvale Historic District | Amherst Avenue Historic District | Lake George Avenue Historic District | Terrace Park Historic District | York Cliffs Historic District | West Street District | Coram Shipyard Historic District | West Hill Historic District (Muscatine, Iowa) | Highland Historic District (Waterloo, Iowa) | Glen Rock Historic District"
5adf51e05542995534e8c78a,What is Diego Tonetto's Italian passport called?,Italian nationality law,Italian nationality law,Diego Tonetto,75,1,1,75,partial,,False,True,False,False,True,False,False,True,False,False,True,False,False,True,False,hpdev:546f901943d24ae051bd | hpdev:6f4f6b39b5ccc4c9b5dc | hpdev:4038117ac63740e34050 | hpdev:b4af59300806f189fca0 | hpdev:7f6950c1421a58921c08 | hpdev:10cdf65ecff844dd6b47 | hpdev:91e7938ac52bf4f749ce | hpdev:f55b54ae2895cdea755a | hpdev:8ba0dcb4efab10dc381f | hpdev:d69389ec00a5450f8a19,Diego Tonetto | Diego Balbinot | Valeriano Nchama | Deyvid Sacconi | Mike Rosati | Emanuel Perrone | Fabián Rinaudo | Visa requirements for Italian citizens | Sergio Torres | What Ever Happened to Baby Toto?
5a7fa2ad5542994857a76792,"What was the book that was centered around a rule that is expressed algebraically, or quantities ""a"" and ""b"" with ""a"" > ""b"" > 0?","The Story of Phi, the World's Most Astonishing Number",Mario Livio,Golden ratio,1895,1,1,1895,partial,,False,True,False,False,True,False,False,True,False,False,True,False,False,True,False,hpdev:9468500ac0e116c3c6ae | hpdev:e3e4f2890a6f918c59e7 | hpdev:f5ca640eea543b9d7c10 | hpdev:c4dc98724b30194ca0e3 | hpdev:494e43e64b1dca391099 | hpdev:21f443b1ee542a71a99b | hpdev:fa8a9c9cd981795b6682 | hpdev:4b0e2ef68a02d4f68fbf | hpdev:66a63043bd89523b36b7 | hpdev:5138a960e3e13f6079c2,Golden ratio | Schwarz's list | Kempf vanishing theorem | Indian Home Rule movement | Pillai prime | The Nasty Bits | Setu coins | Congressional Review Act | The Exception and the Rule | Democracy
5abd12bb55429933744ab703,Conrad Anker located the body of a mountaineer who took part it the first three British expeditions to which mountain?,Mount Everest,Conrad Anker,George Mallory,1,2,1,2,complete,,True,False,False,True,True,True,True,True,True,True,True,True,True,True,True,hpdev:1459a5ecd2550fb9607d | hpdev:73695d47532068869854 | hpdev:1f9f808fa616fcf4a15a | hpdev:92907ba95fb91ea8dabf | hpdev:83ae4acba5b2427c9d93 | hpdev:f9e900504bdd94239cbf | hpdev:5e8f3942b7a365d86008 | hpdev:4fe0134d5ef1acdd4ec9 | hpdev:a6200c06e5978700a25b | hpdev:440dca9958384f73d451,Conrad Anker | George Mallory | Renan Ozturk | Joint Himalayan Committee | Shipton–Tilman Nanda Devi expeditions | The Wildest Dream | Iñaki Ochoa de Olza | 2007 Altitude Everest expedition | Mallory and Irvine Research Expedition | Manaslu
5abcd77755429965836004ce,Where did the steamship company whose former director was an Australian politician born in New South Wales operate for its first 100 years?,Australian coast,Walter Leslie Duncan,Adelaide Steamship Company,2,1,1,2,complete,,False,True,False,True,True,True,True,True,True,True,True,True,True,True,True,hpdev:dfdeb4da79a3eb658b6e | hpdev:7abec846e039a192d6f5 | hpdev:fe0520e1fee083a9bf8c | hpdev:ac5bdd488e5464069eb6 | hpdev:15a8c2927be1cd5fa85b | hpdev:e43759bc8fa4bb6f23a2 | hpdev:ef5fcf0b7cd2c961ba6c | hpdev:093153393ab67f9194cf | hpdev:e1d93707a296ec22751f | hpdev:ee68ff626ced6f803940,Adelaide Steamship Company | Walter Leslie Duncan | Tom Bull | Charles Griffiths (politician) | Frank Mossfield | John Hatzistergos | Melinda Pavey | Jim Harrison (politician) | Leslie Williams (politician) | Luke Foley
5ab520dd5542996a3a96a02c,"Which US State, hIstorically dominated by the Republican party from 1860 to 1932 is represented by State Senator George D. Maziarz?",New York,Republican Party (United States),George D. Maziarz,3,1,1,3,complete,,False,True,False,False,True,False,True,True,True,True,True,True,True,True,True,hpdev:a05c9937534bab17182f | hpdev:4278a47d0f08145f679a | hpdev:e51b65d3bb3e47785c4e | hpdev:3829124ab4eb4e2b78c9 | hpdev:74ed781f7aa0168373d4 | hpdev:cdaba505aaa2a72b9089 | hpdev:9bf201f79edd4ecf2f87 | hpdev:5c68efb5e5b5d0946f65 | hpdev:037d18aa2c7588b7e8d2 | hpdev:64c4e48cd6110856a015,"George D. Maziarz | George Miller Jr. | Republican Party (United States) | Richard Lugar | State Labor Party | California Democratic Council | Thomas Murphy (Collector) | United States elections, 1860 | Republican Moderate Party of Alaska | United States presidential election, 1960"
5a86681c5542991e77181644,"What was the profession of elder brother who born on January 24, 1984?",American professional boxer,Lamont Peterson,Anthony Peterson,68,730,68,730,failed,,False,False,False,False,False,False,False,False,False,False,False,False,False,False,False,hpdev:0b17410ed73d1bd88878 | hpdev:3401ba1bd4bb53fc7e29 | hpdev:a8aaf5682c76519db0ae | hpdev:7e71a58b05cf041223ef | hpdev:ce85026f1608ee5c7632 | hpdev:ba33daca03241ec821ba | hpdev:60f9f06c42e59c6207b4 | hpdev:e84b51ae1b86a54d0e31 | hpdev:2d05562933efb014199f | hpdev:a8f5505451c3a7aad5de,"Henry Grace (cricketer) | Prince Harry | Fay Compton | Prince Frederick, Duke of York and Albany | M. G. Chakrapani | Émile Brugsch | Karan Kapoor | Jacqueline Left Hand Bull | Tatsuo Kawabata | Espen Lie"
5ae6179b5542992663a4f25b,Which Hong Kong actor born on 19 August 1946 starred in The Sentimental Swordsman,Tommy Tam Fu-Wing,Ti Lung,The Sentimental Swordsman,1,3,1,3,complete,,True,False,False,True,False,False,True,True,True,True,True,True,True,True,True,hpdev:4b45b77d7f2569bbd5f6 | hpdev:bb4f38da2791d9cf7aca | hpdev:26bb1acd30459e53d64b | hpdev:2ba19a1394c59df0fb8c | hpdev:00d21cda0b359ce0602e | hpdev:5675828ceffc9a1142ea | hpdev:87615900dcc1bacb72c1 | hpdev:46a0761d396a948fce85 | hpdev:a0e172392fa7f8433398 | hpdev:43cc51ce31ec25f5e0c9,Ti Lung | Return of the Sentimental Swordsman | The Sentimental Swordsman | Clans of Intrigue | Perils of the Sentimental Swordsman | Legend of the Bat | Cliff Lok | The East Is Red (1993 film) | Swordsman II | Project A Part II
5ae07c6255429924de1b70d6,"What is the top speed of the faster roller coaster, between The Riddler's Revenge and Green Lantern ?",65 mph,The Riddler's Revenge,Green Lantern (Six Flags Great Adventure),2,1,1,2,complete,,False,True,False,True,True,True,True,True,True,True,True,True,True,True,True,hpdev:465d812b6b1ecf01d589 | hpdev:f74efca74869d5bac895 | hpdev:da87ca6925d2a797a8c1 | hpdev:9df97f16781e7af3f91a | hpdev:44c410a32ca749617af6 | hpdev:c3f81556014d39b1562b | hpdev:22adf5832b2e7870d4b8 | hpdev:dde518e6ba274a4f7b86 | hpdev:06568baa466bf87bc56b | hpdev:8957e061774f9124e014,Green Lantern (Six Flags Great Adventure) | The Riddler's Revenge | Green Lantern Coaster | DC Rivals HyperCoaster | Katun (roller coaster) | Cyclone (Revere Beach) | Revenge of the Mummy | American Eagle (roller coaster) | Fujiyama (roller coaster) | Leviathan (roller coaster)
5ae531695542990ba0bbb1fb,In what year was the coach who led the 2007 South Carolina Gamecocks football team in his third season as USC head coach born?,1945,Steve Spurrier,2007 South Carolina Gamecocks football team,618,1,1,618,partial,,False,True,False,False,True,False,False,True,False,False,True,False,False,True,False,hpdev:1b8fa4635f9db5b38641 | hpdev:c40663a1d5cbfbbf9604 | hpdev:61076957a7a8a38357cb | hpdev:7c2a05d4f4b7b6148bed | hpdev:c47ef74628b37498884e | hpdev:93793441d25501e93dcd | hpdev:a0cf19a228e95925615e | hpdev:3de743c0c4cfc053a17c | hpdev:54de2d8596bc0d4c81d6 | hpdev:d226925aa98a1f8a2c73,2007 South Carolina Gamecocks football team | 2006 South Carolina Gamecocks football team | 2005 South Carolina Gamecocks football team | 1989 South Carolina Gamecocks football team | 2015 South Carolina Gamecocks football team | 1998 South Carolina Gamecocks football team | 2010 South Carolina Gamecocks football team | 1992 South Carolina Gamecocks football team | 2004 South Carolina Gamecocks football team | 2016 South Carolina Gamecocks football team
5a7cdd1c554299683c1c63a8,A 2013 Smurfs moving is based on what short story that was originally published in 1820?,The Legend of Sleepy Hollow,The Smurfs: The Legend of Smurfy Hollow,The Legend of Sleepy Hollow,1,33,1,33,partial,,True,False,False,True,False,False,True,False,False,True,False,False,True,False,False,hpdev:e73c4fdc5cf698553d69 | hpdev:3eef5be6bc7a8e5f8c0d | hpdev:5b847dd0803b672b9ff2 | hpdev:92dab5d82b0f6876316e | hpdev:5c3993c1f6a7f29a5b2f | hpdev:0691a905f3ab067cdff0 | hpdev:0f29796698ddf0971ed1 | hpdev:88f60ce1c7572cbe6ea9 | hpdev:b3b41f7b711158c4a159 | hpdev:06e228315139ac178c19,The Smurfs: The Legend of Smurfy Hollow | Always (short story) | The Hitch-Hiker (short story) | The Smurfs (comics) | Little Things (short story) | Even the Queen | It Grows on You | Gert Fram | The Fringe (short story) | What We Talk About When We Talk About Anne Frank
5a7f354b5542992e7d278c8c,What is the name of the band that had a song featured in the second installment of a 2005 horror film starring Donnie Wahlberg?,Mudvayne,Forget to Remember,Saw II,92,1,1,92,partial,,False,True,False,False,True,False,False,True,False,False,True,False,False,True,False,hpdev:a945aaaf5f31d6db65e4 | hpdev:b24ad951311d344456ac | hpdev:66c956a3df001aa9ce1d | hpdev:d5ebcc5f99996cd616c8 | hpdev:e870768e1dde39365d0e | hpdev:1b177f467b183c0de7ac | hpdev:932463e7b7723f9defa3 | hpdev:a1df670a4080f0842b4c | hpdev:dc28126acf8ad521ad29 | hpdev:216a8aa29cfe4fe6441d,"Saw II | Dead Silence | Single (New Kids on the Block and Ne-Yo song) | Southie (film) | Donnie Wahlberg | Dirty Dawg | Butter (1998 film) | What a Catch, Donnie | Righteous Kill | Stricken (song)"
5a89f58f5542992e4fca84af,"What station is 3 miles away from the railway station that was used in the film ""Brief Encounter""?",Borwick railway station,Borwick railway station,Carnforth railway station,22,1,1,22,partial,,False,True,False,False,True,False,False,True,False,False,True,False,False,True,False,hpdev:db9782914c4c3c888515 | hpdev:c431e605b0baa9353412 | hpdev:10ee7b01c5971b19ff2a | hpdev:459680b94fabd9e63a90 | hpdev:00e274cf43764babe126 | hpdev:425e515b72b99bd78f83 | hpdev:bb85e7887c08ce5201f9 | hpdev:21f8ad10ee70d2bc1f30 | hpdev:b1705421a55e4011af0f | hpdev:9d0ce7dd1e00c0d0d2fc,Carnforth railway station | Brief Encounter (1974 film) | Port Carlisle railway station | Killochan railway station | Findochty railway station | Summerseat railway station | Burrill with Cowling | Khadki railway station | Habra railway station | Thursford
5ae2c6bf554299492dc91c6c,"Which Austrian writer and journalist introduced the term ""Journaille """,Karl Kraus,Karl Kraus (writer),Journaille,3,1,1,3,complete,,False,True,False,False,True,False,True,True,True,True,True,True,True,True,True,hpdev:5d41b40679e46f53e488 | hpdev:58655008f99c6898a85c | hpdev:4479787d70a13e988de6 | hpdev:c374ec26d5f5124ca668 | hpdev:047f185b63eb33472afb | hpdev:2f33274ca24cf11daca2 | hpdev:998e7c8ed7e88f0d8e27 | hpdev:7ff9616e54475eb23288 | hpdev:6f05565bd90e29bfe2a0 | hpdev:929b16cc5a3b35fa3a18,Journaille | Leopold von Sacher-Masoch | Karl Kraus (writer) | Otto Basil | Rudolf Brunngraber | Stephan Templ | Daniel Glattauer | Nathan Birnbaum | Bleeding order | Barbara Albert
5a75f0ea5542994ccc91866c,What major truck road is located in Backford Cross?,The A41,A41 road,Backford Cross,77,1,1,77,partial,,False,True,False,False,True,False,False,True,False,False,True,False,False,True,False,hpdev:a9b2d9a75dac17cdbb2c | hpdev:728f2ab08ae6fba8bd5b | hpdev:9d291408f83147b3123f | hpdev:bad8694d1c941a61ec26 | hpdev:f022b2a8414477f1d801 | hpdev:717e4f2339f2d25f0723 | hpdev:e0f275e7781876e94fc2 | hpdev:74e20ad8f578e9d33689 | hpdev:dd880f63660083a49847 | hpdev:6538ff72342843955c79,"Backford Cross | Strawberry Park, Cheshire | A5117 road | U.S. Route 19 Truck (Pittsburgh) | M11 link road protest | Charing Cross Road | The Odd Way Home | Virginia State Route 619 (Prince William County) | Pillette Road Truck Assembly | Blackamoor, Lancashire"
5a81b7205542990a1d231e79,How long did the king who created the coins of the hawaiian dollar rule?,from 1825 to 1854,Kamehameha III,Coins of the Hawaiian dollar,31,1,1,31,partial,,False,True,False,False,True,False,False,True,False,False,True,False,False,True,False,hpdev:9ca6277566ca4fa1b86f | hpdev:630f7dc87ff0b9c04dcf | hpdev:7a929e3df20eea6a8821 | hpdev:1f8d49816179b5ab8959 | hpdev:1245bedf75d8e50d9520 | hpdev:e3fdb8cdc45dcdd2530c | hpdev:ac623e6ebc375f4638a2 | hpdev:fa8a9c9cd981795b6682 | hpdev:99bb0a961884dd274f15 | hpdev:85f2ff38f0e68685c2ae,Coins of the Hawaiian dollar | Kalākaua coinage | Nevisian dollar | Tuvaluan dollar | Coins of the United States dollar | Dollar coin (United States) | Trade dollar (United States coin) | Setu coins | America the Beautiful Silver Bullion Coins | Royal Legislative Decree (Spain)
5a7a47be5542994f819ef1b2,Near the banks of what river is the city in Romania with a partner Aspen Institute located?,Dâmbovița River,Aspen Institute,Bucharest,1,3,1,3,complete,,True,False,False,True,False,False,True,True,True,True,True,True,True,True,True,hpdev:41eb9958939d69c1fa47 | hpdev:45d5e68c4b11ab49f217 | hpdev:46d37c056327a2437590 | hpdev:e6834195fd7fca93c1c1 | hpdev:735e82fc0a292abf8436 | hpdev:d76079a23b280db2a5b7 | hpdev:224ddeb75843b884b70e | hpdev:dad6a40c069dc33ed20e | hpdev:29187ac1f658a07b1092 | hpdev:9a3a7764dd018cb4ef69,"Aspen Institute | Aspen Institute Wye River Conference Centers | Bucharest | José M. de Areilza | Khowai | Nicosia | Indian River State College | Mercedes Bass | Walla Walla Community College | Gregory, Queensland"
5a849cc95542997175ce1efa,In what city did Brian Mannal convene when he was a member of the 188th and 189th General Court?,Boston,Brian Mannal,Massachusetts House of Representatives,1,67,1,67,partial,,True,False,False,True,False,False,True,False,False,True,False,False,True,False,False,hpdev:f5a5c95ec0ad3107bdaa | hpdev:d8cce1d4a3d1138e440c | hpdev:29f062ce3fcb2eae1d46 | hpdev:d46dc558f08910d612bf | hpdev:2385835c3d5f7a542506 | hpdev:ba4cceed10974a65ac08 | hpdev:15ffa64e900628baafe6 | hpdev:ec59e943d62533c474f4 | hpdev:eee117883f154ff33e66 | hpdev:552f6016f7a35ef604a7,Brian Mannal | The Big Premiere | Erie Railroad Co. v. Tompkins | 189th Field Artillery Regiment (United States) | Robert H. Soule | 189th Ohio Infantry | Madras Legislative Council (1861–91) | Brian Zembic | Reno Stead Airport | List of Massachusetts Senate delegations
5a8c5be0554299653c1aa04b,"The player also known as  ""O Fenômeno"" is responsible for popularized a soccer move first reported to be used by what player?",Law Adam,Step over,Ronaldo (Brazilian footballer),1,2,1,2,complete,,True,False,False,True,True,True,True,True,True,True,True,True,True,True,True,hpdev:36ede42a56b604c18979 | hpdev:29d879e962f41de9c8bc | hpdev:924470ecf074a3e658d6 | hpdev:8e127a64aa87de7b2b62 | hpdev:eb3cc78fa1e37a190966 | hpdev:7d5719b3f941a282eb88 | hpdev:0d5f09bcd9aebdb5cb65 | hpdev:e36fc39684e2c5d5f46c | hpdev:b55dd32200179cfdcc93 | hpdev:092d79ee105f429b2933,Step over | Ronaldo (Brazilian footballer) | 2004 Dallas Burn season | Labradoodle | Robbie Rogers | Chess problem | Lauren Gregg | Dongo | World UFO Day | David Oyedepo
5ae1465855429920d5234373,Berk Communication and Marketing Group  best known for representing an American professional baseball pitcher for what team?,New York Yankees,CC Sabathia,Berk Communications,10,1,1,10,complete,,False,True,False,False,True,False,False,True,False,True,True,True,True,True,True,hpdev:77ea9ac0fcf2721dcc8d | hpdev:3bad4120c2c8696f4ca8 | hpdev:09a4f5d9f449082d528a | hpdev:b338ccb9663780633996 | hpdev:b6f160c3a315f7378d93 | hpdev:2db3ccab963502ddac16 | hpdev:1723704e8b25f0b83f60 | hpdev:275c44ca0879e0975f9e | hpdev:f4c45e471b54c125bc36 | hpdev:fc8c013715145a174de4,Berk Communications | John Donaldson (pitcher) | Kuo Lee Chien-fu | David Berg (pitcher) | Deck McGuire | Kris Harvey | Dizzy Dean | Andrew Sisco | Cody Eppley | CC Sabathia
5ae0036a55429942ec259bdf,What other two divisions of Argentine forces were involved in the war with Britain that incurred losses in aircraft?,"Army, Navy",British air services in the Falklands War,Argentine air forces in the Falklands War,1,3,1,3,complete,,True,False,False,True,False,False,True,True,True,True,True,True,True,True,True,hpdev:faf28895fec6d4626716 | hpdev:502617449bfdc467a6c8 | hpdev:f40ddba32d19f537f186 | hpdev:964b56290b93b0e3d677 | hpdev:a0ac853e957786530b06 | hpdev:ea978a0d8d9ec6eeaa9f | hpdev:f2a9c65a55510818b217 | hpdev:b67cddb2cc64a1a18243 | hpdev:b63dc21c399aace145d1 | hpdev:8471eff6e081faf0f925,British air services in the Falklands War | Mario Menéndez | Argentine air forces in the Falklands War | Battle of Norfolk | Hedge (finance) | List of surviving Gloster Meteors | Key person insurance | Arana–Southern Treaty | Lost Battalion (World War I) | Military transport aircraft
5add559e5542992ae4cec511,"22 years earlier, the predecessor to The Magic Mouse and Mighty Mouse was what?",Apple Lisa,Magic Mouse,Apple Mighty Mouse,2,1,1,2,complete,,False,True,False,True,True,True,True,True,True,True,True,True,True,True,True,hpdev:c39c90d87397b016d6ad | hpdev:decd736d7e17231281d5 | hpdev:d9b8f45b5b27f2591d6c | hpdev:485d9bf714401c670d61 | hpdev:0902fd7d39e0d10137f6 | hpdev:40905b99b3145f4a6f1c | hpdev:aa1095ca52e97845e8f4 | hpdev:59e8e733539187fac9fe | hpdev:a9651363f8aebc0be307 | hpdev:fc62ec8606458452fbdb,Apple Mighty Mouse | Magic Mouse | Mighty Mouse Playhouse | Mighty Mouse in Gypsy Life | Mighty Mouse in the Great Space Chase | Mighty Mouse: The New Adventures | Merlin the Magic Mouse (film) | Mighty Mouse | Merlin the Magic Mouse | Terrytoons
5a84e61b5542997b5ce3ff86,"The Simpsons episode that aired on February 19, 2012 entitled ""At Long Last Leave"" represented what milestone for the show? ",show's 500th episode,At Long Last Leave,The Simpsons (season 23),3,1,1,3,complete,,False,True,False,False,True,False,True,True,True,True,True,True,True,True,True,hpdev:67a1d4900b91a37e0ebe | hpdev:e529536af29fe87994ea | hpdev:0a4e7b9f039ec2ddf7c0 | hpdev:8212059a5f09c7941923 | hpdev:81c29e410a7d0209ab50 | hpdev:355fb9955bac4cc49d06 | hpdev:d19182b393b6a58b103a | hpdev:722826fe5935c3c33c5a | hpdev:ab9996059827ae8a0b89 | hpdev:3c8819e8b3257c805d4b,"The Simpsons (season 23) | You Kent Always Say What You Want | At Long Last Leave | Good Night (The Simpsons short) | Homerpalooza | Little Orphan Millie | I, (Annoyed Grunt)-bot | The Simpsons 138th Episode Spectacular | The Simpsons Guy | That '90s Show"
5a72e4375542992359bc31bf,"Who is older, Lucy Gichuhi or Bob Day?",Bob Day,Bob Day,Lucy Gichuhi,13,1,1,13,partial,,False,True,False,False,True,False,False,True,False,False,True,False,True,True,True,hpdev:007ac9b094fb5794db5d | hpdev:2ce5b26f7122943acc49 | hpdev:bf28f991203c5d2d633f | hpdev:4a88d4727cb2d55debf7 | hpdev:d3f832fee346e7977e19 | hpdev:5c245cadab9b8b5e64f1 | hpdev:4acb51d174e9827f94d8 | hpdev:5d0433194a1c1e57b0ca | hpdev:11c186cab91a5f824ef1 | hpdev:c27505a1e2a3b8a3209f,Lucy Gichuhi | Lucy and Superman | Saint Lucy's Day | Bob Weiskopf | The Story of Lucy Gault | Ramblin' Gamblin' Man | Bob Day (disambiguation) | Lucy Barfield | Bob Day Afternoon | Anne &amp; Gilbert
5a7723ce55429966f1a36c9f,What midfielder for West Bromwich Albion is Michael John Standing an agent for?,Gareth Barry,Michael Standing (footballer),Gareth Barry,1,2,1,2,complete,,True,False,False,True,True,True,True,True,True,True,True,True,True,True,True,hpdev:a0e08decd9ea177e3738 | hpdev:1060cda96fecec4c26be | hpdev:782d150c369bcfcc2fd1 | hpdev:e57ab7d3836547e80a59 | hpdev:aad3c2dae3314a3b9e2e | hpdev:a43aedd83e2f102bc6e7 | hpdev:4863d63aa3ae36ea990f | hpdev:c6ff388b5aa66350a0a3 | hpdev:514c7faa202db9040eac | hpdev:5b319453997accdc1266,"Michael Standing (footballer) | Gareth Barry | History of West Bromwich Albion F.C. | Graham Lovett | West Bromwich Albion F.C. | Bob Roberts (footballer, born 1859) | West Bromwich Albion F.C. Reserves and Academy | Romeo Zondervan | Len Cantello Testimonial Match | 1878–79 West Bromwich Strollers F.C. season"
5ac0805f5542992a796ded29,"When was the author of ""Albert Speer: His Battle with Truth""  convicted? ",1968,Albert Speer (play),Gitta Sereny,1,99,1,99,partial,,True,False,False,True,False,False,True,False,False,True,False,False,True,False,False,hpdev:2b8dd46c176f1758b53f | hpdev:d9680217b9c722b59c60 | hpdev:7a28aa6553802f7e7021 | hpdev:1c6022d753263daf64d9 | hpdev:52ac363bb199e5388389 | hpdev:b35e292e9907f87b3129 | hpdev:4a363505a21a4c55c799 | hpdev:8fac5839e99537376a89 | hpdev:5b0880432ec9b560d58d | hpdev:a2b1b2da23581d3521b1,Albert Speer (play) | Albert Speer Jr. | Albert Friedrich Speer | Speer und Er | Albert Speer | Rudolf Wolters | Spandau: The Secret Diaries | Hilde Schramm | Inside the Third Reich | Hermann Giesler
5a90605d5542995651fb514d,What are the names of the members of the Detroit-based hip hop duo who has worked with Jason Gilbert?,"Royce da 5'9"" (Bad) and Eminem (Evil)",Bad Meets Evil,Jason Gilbert,10,20,10,20,partial,,False,False,False,False,False,False,False,False,False,True,False,False,True,True,True,hpdev:300874dbca995a198056 | hpdev:8a3d5b165ee2f52184b8 | hpdev:194326a4560f4a8d44d6 | hpdev:be9b1953d6ed77805371 | hpdev:d1b0d55f1a299d00587b | hpdev:e0671ba55f84059058f1 | hpdev:77304f259c94e9cb62b5 | hpdev:545f5df6b9652065a1ed | hpdev:560575efe45d41f915e5 | hpdev:76ac91085ab57d3a5929,Sunset Blvd. (Yancey Boys album) | Black Star (rap duo) | Uptown 3000 | Xtended Play Version 3.13 | Abstrakt Intellekt | Abiodun Oyewole | Bizarre (rapper) | Rock City (duo) | Clouds (Apollo Brown album) | Bad Meets Evil
5a80b322554299485f5986c8,"The twenty-first season of South Park was entitled ""White People Renovating Houses"" is which episode of the series overall?",278th episode,South Park (season 21),White People Renovating Houses,41,1,1,41,partial,,False,True,False,False,True,False,False,True,False,False,True,False,False,True,False,hpdev:c753db09461bf87e2f1d | hpdev:b4d745cc5d1c3ad4f91f | hpdev:571137cdf58f7976c954 | hpdev:2c553fe2cca4a6fbe26b | hpdev:5e08045141b7cc804a35 | hpdev:d11edc8d22b7ebcbd1b0 | hpdev:d6539c17cafe40dbdb16 | hpdev:9ec5e13bb740043b1d84 | hpdev:e21acd99c90c63b08786 | hpdev:aceba4af674003ae44fb,White People Renovating Houses | Holiday Special (South Park) | Put It Down (South Park) | Twenty Vicodin | Moho House | Funnybot | Rehash (South Park) | Douche and Turd | 201 (South Park) | Something Wall-Mart This Way Comes
5ae71bee554299572ea546ea,"Dean O'Banion was the main rival of which mobster, known as Scarface?",Alphonse Gabriel Capone,Al Capone,Dean O'Banion,6,1,1,6,complete,,False,True,False,False,True,False,False,True,False,True,True,True,True,True,True,hpdev:0dad6b5c5a3b1368b1f0 | hpdev:3f106512d9c10fec66da | hpdev:be06ddc6afc85c2dce78 | hpdev:03ac84cfe841bbd4c24b | hpdev:d7365143e3333c92961d | hpdev:c135acf408e4f26f6632 | hpdev:cf11cfcd2c794d5594c0 | hpdev:398d16f8ac6c5d289c8a | hpdev:1d4f44a39bf583ef846f | hpdev:1db147fa22abae8a70c9,Dean O'Banion | Vincent Drucci | Angelo Genna | I Seen a Man Die | Myles O'Donnell | Al Capone | Scarface (1932 film) | Bugsy | Scarface (soundtrack) | Rival
5ae5e62455429929b0807a07,Giovanna d'Arco is an opera that was created by the composer of what nationality?,Italian,Giuseppe Verdi,Giovanna d'Arco,47,1,1,47,partial,,False,True,False,False,True,False,False,True,False,False,True,False,False,True,False,hpdev:49a98bfb548b355db763 | hpdev:6cde15029cff2d34a175 | hpdev:a5864cf54c209d858e59 | hpdev:f18b117c7ab54f660d3b | hpdev:de684c8127f5dd3524e1 | hpdev:d13b8331422decd60916 | hpdev:da002ac30d55727389a6 | hpdev:df7a689a86ea2ac8bf3e | hpdev:0960bb9e787a1adfbd91 | hpdev:edc5bb474f479e0ef91f,Giovanna d'Arco | Giovanna d'Arco al rogo | Folke Jonsson | American Opera Society | Filippo Colini | Santa Maria del Rosario a Portamedina | Eugenio Cavallini | Giovanna Gray | Anna von Mildenburg | Le donne rivali
5a8d8e4f5542994ba4e3dca7,"The NG postcode area is situated approximately how many miles from Gamston, Rushcliffe?",approximately 3 mi,NG postcode area,"Gamston, Rushcliffe",2,1,1,2,complete,,False,True,False,True,True,True,True,True,True,True,True,True,True,True,True,hpdev:e2ad4b520067299f17b5 | hpdev:4897642db442887100d2 | hpdev:98c082ea5373015e674f | hpdev:b5617aefd1c768b529f7 | hpdev:471b2f184e746e0a19c0 | hpdev:4b567f0587d34caac312 | hpdev:204bdba7d66287cc258c | hpdev:e0219ddcb58716b48d1a | hpdev:a6365834475745043d47 | hpdev:2135c74161c9255e6969,"Gamston, Rushcliffe | NG postcode area | IG postcode area | RM postcode area | FY postcode area | BB postcode area | Pentre Halkyn | TS postcode area | PE postcode area | TN postcode area"
5ab4ec2755429942dd415fa6,"Nelson Chai is the former president of what financial holding company that was founded in 1908, and is headquartered in New York City?",CIT Group Inc.,Nelson Chai,CIT Group,1,2,1,2,complete,,True,False,False,True,True,True,True,True,True,True,True,True,True,True,True,hpdev:570836951f25b89ed623 | hpdev:42b222845e2af5700cce | hpdev:be0fec081de601b9e57a | hpdev:75748a7ca3c74d20b25a | hpdev:cf08ffde92055006700a | hpdev:123c06f3c4ee43ca4770 | hpdev:fdee4222c929df179145 | hpdev:808e149b86ec3f589bfa | hpdev:d19c2714a56aa4124652 | hpdev:650ec92c96f65e2f84b3,"Nelson Chai | CIT Group | New York Private Bank &amp; Trust | The Bank of New York Mellon | Astoria Bank | General Mediterranean Holding | Trusted Media Brands, Inc. | IberiaBank | Roman Sledziejowski | Cowen Group"
5a81fa59554299676cceb1b0,What type of profession does Jonah Meyerson and Alison Pill have in common?,actor,Jonah Meyerson,Alison Pill,1,2,1,2,complete,,True,False,False,True,True,True,True,True,True,True,True,True,True,True,True,hpdev:86ecad0cd0636d2ae904 | hpdev:5d533f73010fb18e2ccc | hpdev:f4229548b2af3d9c9183 | hpdev:45ac60e80c2d8f07761c | hpdev:788a279a103de14f457d | hpdev:f2d4480ada93d8a96aa8 | hpdev:f493025d2e5461290632 | hpdev:2dc2d63ceea631fbf0e7 | hpdev:07b00c4dfe1b78563675 | hpdev:d3d50144f2fa8d577eac,Jonah Meyerson | Alison Pill | Baby (2000 film) | Professional identification | Cooties (film) | Miss Sloane | Midwives (film) | Nurse stereotypes | Legal Profession Admission Board | Goon (film)
5adc3a7055429947ff173913,What is the nationality of the poet who wrote Une Tempete and first performed it in Tunisia?,French,Une Tempête,Aimé Césaire,1,4,1,4,complete,,True,False,False,True,False,False,True,True,True,True,True,True,True,True,True,hpdev:80f8410dffd0d0644751 | hpdev:9c45f65b106ff57ab46a | hpdev:7b2310f9334983ee4a0f | hpdev:0dc11080765755a9a2c2 | hpdev:8e7ab8dc8b7e7602d257 | hpdev:0f540d3e12e3abb7c31d | hpdev:0c1745a5f56fee9170a8 | hpdev:e0671ba55f84059058f1 | hpdev:85a0b9f001fb25aa6b55 | hpdev:12a18b6938dcb92f71dc,Une Tempête | Chuffilly-Roche | North African communities of Paris | Aimé Césaire | Jean-Luc Bitton | Nationality | Tunisian UAVs | Abiodun Oyewole | Heinrich Schütz | Blasted
5adecc7755429975fa854f9d,"What WikiLeaks using whistleblower is notable for having a hacking organization with a user base of over 1,800,000?",Jeremy Hammond,Jeremy Hammond,HackThisSite,6,1,1,6,complete,,False,True,False,False,True,False,False,True,False,True,True,True,True,True,True,hpdev:52c90bf5c08f77466141 | hpdev:66d5593f9e3f342c6c7d | hpdev:cae5680d701f7092a4af | hpdev:56ee508c1e6cb38c8091 | hpdev:600fae790c68dbd17409 | hpdev:89b46607bacb53c6857e | hpdev:638d3faf3f491ce28a74 | hpdev:57aa7aed40ef2f4e4759 | hpdev:52b3807573c1f13592be | hpdev:07dbf904ed584907a5f1,HackThisSite | Growth hacking | Installed base | Friends of WikiLeaks | Sigurdur Thordarson | Jeremy Hammond | GameDev.net | Wells Fargo Rail | Online gaming in China | Pease Air National Guard Base
5a8fdd9c55429916514e73de,"In which year did this American rapper and actor, from Cleveland, Ohio, who guest-featured in the album ""Excuse My French"" first release a mixtape?",2006,Machine Gun Kelly (rapper),Excuse My French (album),2,1,1,2,complete,,False,True,False,True,True,True,True,True,True,True,True,True,True,True,True,hpdev:54841c73bf590a17e902 | hpdev:e2cca9285cf21b0a5070 | hpdev:8298d387151a20c6c87a | hpdev:14413ba12cc00d4eab05 | hpdev:8b6ada8e22094e89299b | hpdev:10f7f64b38da6cf4312f | hpdev:3042f6414f4f2cacaf22 | hpdev:fe2ef3633eb232c74ae2 | hpdev:d07e048ec5805f856ec6 | hpdev:743ecd09ad9512c46fe2,Excuse My French (album) | Machine Gun Kelly (rapper) | Ain't Worried About Nothin' | OKE: Operation Kill Everything | List of songs recorded by Iggy Azalea | Stolen Youth (album) | The Real Is Back | Summer Knights | The Mixtape Messiah | Baby Face Killa
5ae629215542995703ce8b34,What South Australian capital held UFC Fight Night 65 in May of 2015?,Adelaide,UFC Fight Night: Miocic vs. Hunt,Adelaide Entertainment Centre,1,276,1,276,partial,,True,False,False,True,False,False,True,False,False,True,False,False,True,False,False,hpdev:1fd60bd897fd534f2151 | hpdev:e9de8e8cc3c25bf10cb1 | hpdev:05a342326cd3e0b7e26d | hpdev:2397d6ae7dbd85cff6a3 | hpdev:761ba04aae41fe02e097 | hpdev:7ed1c3418ca2ee64672b | hpdev:12cd622d014e60c4d46d | hpdev:257fb5b9a761dc362107 | hpdev:ff600362cbdd9ff40276 | hpdev:4499d70a18f01037d275,UFC Fight Night: Miocic vs. Hunt | UFC Fight Night: Henderson vs. Masvidal | UFC Fight Night: Edgar vs. Faber | UFC Fight Night: Florian vs. Gomi | UFC Fight Night: Marquardt vs. Palhares | UFC Fight Night: Gustafsson vs. Manuwa | UFC: Fight for the Troops 2 | UFC Fight Night 6 | Dana White's Tuesday Night Contender Series | Fox UFC
5abcffc2554299700f9d7951,"What is the name of the company in Independent Hill, Virginia that is also headquartered in Houston Texas?",Citgo,Citgo,"Independent Hill, Virginia",28,3,3,28,partial,,False,False,False,False,False,False,False,True,False,False,True,False,False,True,False,hpdev:2741eae3245b672190e4 | hpdev:d131962799a0121f0501 | hpdev:39ddef76c13a652e3173 | hpdev:177da9cdc63870efe155 | hpdev:e1cfb0421e99b00a10d5 | hpdev:6edc9297b0e3408732b6 | hpdev:6996cf40b1ccf689aef1 | hpdev:7cad477498602920fb5a | hpdev:299c304983193ce01d2e | hpdev:b1bb283faa02c3e21991,"Randall's Food Markets | EOG Resources | Independent Hill, Virginia | Phillips 66 | Heaven Hill | NRG Energy | Landry's, Inc. | Houston Boychoir | KGLK | Stage Stores"
5ac273455542992f1f2b38d4,What philosophy related to creationism is Paul Nelson noted for?,intelligent design,Paul Nelson (creationist),Ontogenetic depth,1,22,1,22,partial,,True,False,False,True,False,False,True,False,False,True,False,False,True,False,False,hpdev:ed1666272433628669ee | hpdev:f28a7ef05724ffc3cd07 | hpdev:e8efec0ca4516fc823f6 | hpdev:aab3ea271f9c4f748de1 | hpdev:bc1ecdbe692e6cb8c1c1 | hpdev:d2763a36cd048737d761 | hpdev:e3c329a6bab470e31520 | hpdev:dd152fb3e822fc16a083 | hpdev:bc9e7926eda164b79984 | hpdev:3eb434f7ffce5c55c3a2,Paul Nelson (creationist) | Creationism's Trojan Horse | Michael P. Nelson | Theistic science | Will Durant | Creacionismo | Jean-Paul Sartre | Young Earth creationism | Linda Martín Alcoff | Ovamir Anjum
5a7736bc554299373536021b,What composer with an Italian libretto was born 4 March 1678?,Antonio Lucio Vivaldi,Antonio Vivaldi,Dorilla in Tempe,1,13,1,13,partial,,True,False,False,True,False,False,True,False,False,True,False,False,True,True,True,hpdev:eb3e9dd3f1c7806f8da6 | hpdev:36c240084d7857aff965 | hpdev:ed23deaadf1f843f7755 | hpdev:b0d574aa9de82cc5f3b9 | hpdev:46b1b1a5c96a6b1a42e3 | hpdev:7cec19d921ca4ff5ad49 | hpdev:333b0933054ac97bd80a | hpdev:b4c16ed2900a200f763c | hpdev:a08a219f393ee8492135 | hpdev:958857e3ac38eb2a6bd8,Antonio Vivaldi | Jacques Hardel | The Old Maid and the Thief | Zanetto | Amica (opera) | María de Navas | Andrea Chénier | La rondine | Orontea | Rigoletto
5ae3fd595542995dadf24292,"Arrêtez-moi is a film in which film genre, known for suspense and anxiety?",Thriller,Arrêtez-moi,Thriller (genre),1,2,1,2,complete,,True,False,False,True,True,True,True,True,True,True,True,True,True,True,True,hpdev:4d00dad3e67faabb945b | hpdev:f6ad59165c1d8eb5f02e | hpdev:224b3a9f097f89a06209 | hpdev:92746e894d4726073e92 | hpdev:ab0231f72dd9f07809f0 | hpdev:20786c8e1d7c1db25a7b | hpdev:7d01d1932943ceda0ffb | hpdev:35f6dd8e4e86d407d341 | hpdev:ab9f4a750d2999a1ee4f | hpdev:bfc7f06db62f79696697,"Arrêtez-moi | Thriller (genre) | Thriller film | Fear, Anxiety &amp; Depression | Anxiety | Film genre | Mexican sex comedy | Night Watch (1973 film) | Internet genre | Wang Kuan-hsiung"
5ae762985542995703ce8c04,"Which single was recorded in 1989 at the first Tubronegro rehearsal by the Norwegian punk rock band, initially active from 1989 to 1998, whose style is ""deathpunk""?",Computech,Turbonegro,Computech,1,2,1,2,complete,,True,False,False,True,True,True,True,True,True,True,True,True,True,True,True,hpdev:89ffd3f617dbecc4265b | hpdev:570c1b900fbbd00ab07a | hpdev:d0a2f24181bc0897dae8 | hpdev:84d1fdf7d202c4b90f36 | hpdev:86781601ace124d62462 | hpdev:b02e23501f3de2361164 | hpdev:5eca8d1b97424ce90b4a | hpdev:d77293d0ca76eac6353c | hpdev:b54dc43ebe4ed479656b | hpdev:d520d2f90edbc6836d4e,Turbonegro | Computech | Blue Cheer | Rabid (band) | ? and the Mysterians | Riot Squad | Wannskrækk | Inge Johansson | The Suicide Machines | Area 12 (band)
5a8b8f5b55429949d91db5e1,What form of play does Yameen and Activision have in common?,video game,Yameen,Activision,1,14,1,14,partial,,True,False,False,True,False,False,True,False,False,True,False,False,True,True,True,hpdev:078b2a769b133983d4ba | hpdev:d90b8a23d4c8c54c21a8 | hpdev:96adae45e7054e5b000c | hpdev:8c50dcc7a63cc4a70f32 | hpdev:46a480e2562bc0f4537a | hpdev:29b4225ac8911e3f6cb7 | hpdev:b89edd795aac3d63523a | hpdev:a3c714a8ca9056c5bb2c | hpdev:3138d0798dd5a78c36df | hpdev:bdc3df0f68d3c52a8da7,Yameen | Factor VII | The Legend of Spyro: Dawn of the Dragon | Right Back at It Again | Intellivision Rocks | Induction (play) | Lotion play | P.S.K. What Does It Mean? | Deep Fried Man | Raven Software
5ae3606b5542991a06ce99a8,"Philip Carlo, the author of the biography of the mob assasin Richard Kuklinsk, died of which diease?i, ",Lou Gehrig's Disease,Richard Kuklinski,Philip Carlo,862,1,1,862,partial,,False,True,False,False,True,False,False,True,False,False,True,False,False,True,False,hpdev:9a691365f6b489888d50 | hpdev:45f8c641973672bb22e5 | hpdev:6745aee948470c95809e | hpdev:fac568d3ef90a8b810bc | hpdev:2060841459cadcd99453 | hpdev:3ecb9d21d3b1f514ed6c | hpdev:e43a0f27111d334188c3 | hpdev:876c46a0a940589fa79a | hpdev:8153b893438322ba96b9 | hpdev:dfd8fab94cb118395e73,"Philip Carlo | The Story of a Great Schoolmaster | Philip, Despot of Romania | Life of Mr Richard Savage | Cervantes (film) | Patrick McGilligan (biographer) | John Brooke (British historian) | Salvatore Testa | Walchelin de Ferriers | Richard Cummings (writer)"
5a7cb94f554299683c1c6353,What is the first two words of the fifth studio album of Joseph Edgar Foreman?,The Hungry,The Hungry Hustlerz: Starvation Is Motivation,Afroman,45,1,1,45,partial,,False,True,False,False,True,False,False,True,False,False,True,False,False,True,False,hpdev:2136c01a93ca581e2aef | hpdev:3ce872d69ac9e43b7dc0 | hpdev:aceb294193d74eacdb15 | hpdev:a9c93dc12c478b68a8c5 | hpdev:39c5f1cbcedf634f46c9 | hpdev:8f48ffe20af1ebb093ba | hpdev:d8789520f696175397ad | hpdev:b36a0861b21c5cdbe2bc | hpdev:23399cc4a579b4d427b4 | hpdev:f296542c006cd82c7976,Afroman | Gliding Bird | Sail On: The 30th Anniversary Collection | Too Much Stereo | Como Ama una Mujer | The College Dropout Video Anthology | Return of Saturn | Still Hangin' 'Round | Two Horizons | What Do You Mean?
5ab7d6ec5542995dae37e9b4,When was the company that owns Bonifacio High Street founded?,1988,Bonifacio High Street,Ayala Malls,1,7925,1,7925,partial,,True,False,False,True,False,False,True,False,False,True,False,False,True,False,False,hpdev:ac487dc3ad311c4f43b4 | hpdev:71d33872b3323b6c8b1a | hpdev:624d9cecdc42aec55a41 | hpdev:ad6c9cfd2f705b9cba61 | hpdev:805fe5f7bc17f2335e17 | hpdev:5b82eb3844a7812a1d7d | hpdev:f142ba1b8b346bcc4c87 | hpdev:cdc19d3145f8a59455d2 | hpdev:4c29eee0c3fa734db9fa | hpdev:cb69c2861e626c689138,Bonifacio High Street | ITC Transmission | Westfield Group | RetailMeNot | A. H. Belo | American Opera Company | Ukrtatnafta | Yellow Cab Pizza | Summit Behavioral Healthcare | National Iranian Drilling Company
5a75e33855429976ec32bc74,Which team's 2013-2014 season had players including a Slovenian who plays at both the point guard and shooting guard positions?,the Phoenix Suns,2013–14 Phoenix Suns season,Goran Dragić,58,1,1,58,partial,,False,True,False,False,True,False,False,True,False,False,True,False,False,True,False,hpdev:1c813dedaee955c2198f | hpdev:11eb5198217fda80d92d | hpdev:20d9c74e5d8c12818726 | hpdev:30856e155a05278993bb | hpdev:c8404798dfc0a9497fb3 | hpdev:9116fe8a58cf4248de88 | hpdev:4bc17621f2987218047f | hpdev:12af6fbfd99110b58d50 | hpdev:633ab78f135019c8c5c4 | hpdev:959c3d028fab1b46b06b,Goran Dragić | Lucio Redivo | Aaron Jackson (basketball) | Nicolás Richotti | Dale Singson | Damond Williams | Igor Rakočević | Dan Callandrillo | Diego Flaccadori | Ante Delaš
5ae083e855429924de1b70fb,"By how many points did Dion Lewis' team trail by, in the third quarter, of the Super Bowl that they won ? ",25 points,Dion Lewis,Super Bowl LI,10,1,1,10,complete,,False,True,False,False,True,False,False,True,False,True,True,True,True,True,True,hpdev:0fba0fb875e49be89100 | hpdev:ef8de1d9825fc4efcca5 | hpdev:ee38e25bc39e322c6766 | hpdev:f24421126ac09b4d6236 | hpdev:5b0173be180e9fb49e2f | hpdev:e247262e539485d0a01c | hpdev:db865ffb7c29b1988c89 | hpdev:f7f093ece931827ea768 | hpdev:d4e7927d169f09c7a80d | hpdev:128116fc3e7e924a327c,Super Bowl LI | Super Bowl XVIII | Super Bowl XXVII | Doug Williams (quarterback) | 2007 New York Giants season | Super Bowl XLVIII | 2010 Green Bay Packers season | Super Bowl XXVIII | 1974 Vanderbilt Commodores football team | Dion Lewis
5a90b1a15542990a984936ab,"Before going to the London School of Theology, John Burges spent six years working for a company headquartered in what country?",the Netherlands,Royal Dutch Shell,John Burgess (priest),140,1,1,140,partial,,False,True,False,False,True,False,False,True,False,False,True,False,False,True,False,hpdev:6a3f60ee0867c4641600 | hpdev:a631750375afe0ac29db | hpdev:d7eb83de698c80a4d6e5 | hpdev:19461d7a5de6a8ebc747 | hpdev:ebccbe3dda44e6cabc69 | hpdev:aa706ce1d580d9429c2b | hpdev:a40ef472fba499d0fc45 | hpdev:4d094fb8467da1d953f4 | hpdev:5a358ee0e7c00dcd7232 | hpdev:f614a65edcc2e27966c7,"John Burgess (priest) | John Burges | Tessa Ogden | List of buildings by William Burges | Graham Twelftree | Everything I Never Told You | Alice Rebecca Appenzeller | Burges High School (El Paso, Texas) | Robert H. Widmer | Concentrate Design"
5ae0345855429924de1b705f,Which company owns the hotel on whose premises the Cotal Arena is located ?,Las Vegas Sands company.,The Venetian Macao,Cotai Arena,113,1,1,113,partial,,False,True,False,False,True,False,False,True,False,False,True,False,False,True,False,hpdev:0690e2e82292536f9e3c | hpdev:c3c63c1843f5c7d8649c | hpdev:9d281e121472182474cb | hpdev:0e73789ae484c14cc738 | hpdev:30d4142ab1ff5bcde8a3 | hpdev:6996cf40b1ccf689aef1 | hpdev:0e77d98633c25cc94564 | hpdev:a0699657330592a53b4e | hpdev:eaeedf8556f6c08fb2b5 | hpdev:f142ba1b8b346bcc4c87,"Cotai Arena | Murray Premises | Wetherspoons | MGM Grand Atlantic City | Newshold | Landry's, Inc. | Choice Hotels | Sheldon Adelson | Dry county | Ukrtatnafta"
5ae17f1e5542990adbacf7a6,In what region of Argentina is the city of Gualeguaychu located? ,Mesopotamia,"Gualeguaychú, Entre Ríos",Entre Ríos Province,21,6,6,21,partial,,False,False,False,False,False,False,False,False,False,False,True,False,False,True,False,hpdev:1d8527e655648d20d7b6 | hpdev:45dd865fed9058cf4057 | hpdev:61078924cb3ae1cd7ffb | hpdev:62fd80d47e949d12c89d | hpdev:2c294c0f6abf6b2605f0 | hpdev:63041bb756c15f275624 | hpdev:dbe0320c911c5f1b4167 | hpdev:c3f41bce283ff19f8584 | hpdev:0c759df7ec6c0981888d | hpdev:2fad1d4afa43a7f7cf75,"Rivadavia Department, San Juan | San Miguel de Tucumán | National University of Central Buenos Aires | Antofagasta Region | Mar del Plata | Entre Ríos Province | Córdoba, Argentina | Paso de Los Patos | City of the Caesars | Sauce Viejo, Argentina"
5a7264ed5542990c210a411a,What was the slogan  that came about from the idea of Lebensraum which had its most extreme form supported by the Nazi Party until the end of World War II?,Blood and soil,Blood and Soil,Lebensraum,108,1,1,108,partial,,False,True,False,False,True,False,False,True,False,False,True,False,False,True,False,hpdev:f2e3a38e44567897cd5e | hpdev:bec52cd1e61fff4c0c02 | hpdev:a75c59f27d78ae8674f6 | hpdev:6b3c052366c54460d0fe | hpdev:ae3a6655ccd86acbd8f8 | hpdev:b4a34a783437593ba286 | hpdev:e98bed137cfeae74ba9f | hpdev:2262e3db0f8d926043a9 | hpdev:db5d88aa1ec177fc9193 | hpdev:2332e6bdef5d6a517736,Lebensraum | Nazi Party of Costa Rica | Martin Heidegger and Nazism | Betriebsobmann | Schutzstaffel | Nazi Germany | Otto Telschow | Franz Halder | Nazi Germany paramilitary ranks | Der Stürmer
5a74be0b5542996c70cfadc8,Which Comcast-owned film studio produced the movie Radio Patrol?,Universal Pictures,Radio Patrol (film),Universal Pictures,2,3,2,3,complete,,False,False,False,True,False,False,True,True,True,True,True,True,True,True,True,hpdev:ec075e06d13d6854036a | hpdev:54106d2ea78333d9824a | hpdev:4fe14cc31049faecce46 | hpdev:141b426a2d2a33837fc7 | hpdev:21b0cc111b330b2368c5 | hpdev:4da66e2a709964849f9d | hpdev:888b3b8753eaa65ba56b | hpdev:d42e29353e3adb05346d | hpdev:ed8e83c57f03408ce65d | hpdev:e35b919f1658c6626bc6,Radio Patrol (serial) | Radio Patrol (film) | Universal Pictures | Comcast Spectacor | Chiller (TV channel) | WTVJ | Milking the Stars: A Re-Imagining of Last Patrol | The Green Hornet Strikes Again! | The Walt Disney Company | WFLD
5abd83775542993062266cb7,"An English operatic tenor performed ""Walking in the Air"" for which 1982 animated film?",The Snowman,Peter Auty,Walking in the Air,10,2,2,10,complete,,False,False,False,False,True,False,False,True,False,True,True,True,True,True,True,hpdev:5a83c6763b2ce9172dc4 | hpdev:50e56627cbd0880b45da | hpdev:c66bf899f46e35d0c71c | hpdev:baae7588c8fb3e39d3f4 | hpdev:8ee947efdca2a64abdbb | hpdev:282d77e41fcb9f47444c | hpdev:ea7147f0ec66c587fba2 | hpdev:29c8e65af90f8048d0ce | hpdev:c047ee689a047b5a0999 | hpdev:491d4d20eefa25720d4d,Charles Craig (tenor) | Walking in the Air | John Mitchinson (tenor) | Nicholas Sharratt | David Rendall | John Kentish | Anthony Rolfe Johnson | Powell Lloyd | David Hillman | Peter Auty
5abdb4a755429965af743df0,"What was the country which has border with the village where an Austrian forest caretaker, naturalist, pseudoscientistref>Ronald Engert: ""Die Forellenturbine als Prinzip der kostenlosen Energiegewinnung born?",Czech Republic,Viktor Schauberger,"Holzschlag, Austria",1,26,1,26,partial,,True,False,False,True,False,False,True,False,False,True,False,False,True,False,False,hpdev:3e7855bbf49f5ba9f758 | hpdev:559675b88c071b6d5616 | hpdev:9c8c17454464ce88e9ae | hpdev:4f7a6caae8e26f927d76 | hpdev:f38e9a7579512e2ffbe8 | hpdev:e45e294327485dbf070c | hpdev:53eb59a3bb2dfad8d282 | hpdev:33848956d4dc87bb96cf | hpdev:e37f0174517daf84b9fd | hpdev:f398861419c33d12f641,"Viktor Schauberger | Clemens Meyer | Bruckneudorf | Heinrich Bellermann | Sensations of Tone | Fucking, Austria | Gustav Wustmann | Daniel Kehlmann | Mistress of the World | Chalillo Dam"
5a7dbb295542990b8f503a4b,"Which Russian professional ice hockey player, known as the Magic Man, was the final recipient of the NHL Plus-Minus Award?",Pavel Valerievich Datsyuk,NHL Plus-Minus Award,Pavel Datsyuk,1,2,1,2,complete,,True,False,False,True,True,True,True,True,True,True,True,True,True,True,True,hpdev:a1b3ca12a39e91fa17a4 | hpdev:dd15baba7860d23024e8 | hpdev:de1da4ef333f484c1d77 | hpdev:5fe091ab3ad73c25c545 | hpdev:90c079f9a1a42ab31242 | hpdev:c69ae1913a2dcedb5901 | hpdev:44cefa6ac61d2a531f37 | hpdev:beb976e024dafb26ce5c | hpdev:fe80d510079dc141f3a5 | hpdev:9a286a8444a5a769783b,NHL Plus-Minus Award | Pavel Datsyuk | Paul Postma | Brad McCrimmon | Alexander Radulov | Mikhail Yunkov | Andrei Loktionov | Ruslan Bashkirov | Mikael Lindholm | Bob Sullivan (ice hockey)
5add67705542992ae4cec54f,Who is a Brazilian mixed martial artist in the UFC who Namsaknoi Yudthagarngamtorn coached?,Rafael Souza dos Anjos,Rafael dos Anjos,Namsaknoi Yudthagarngamtorn,9,4,4,9,complete,,False,False,False,False,False,False,False,True,False,True,True,True,True,True,True,hpdev:891788ba20db794c493d | hpdev:6b8217fc76c1e5b4bc5f | hpdev:7b292caea9bc7b14a4fb | hpdev:9b467b335e208a8ddbbf | hpdev:13064edc66663a078f66 | hpdev:73d7f45053a5e7ed0ec1 | hpdev:0e90ebf3ae06c8f75a33 | hpdev:9eacd8ef3f75035e5c0a | hpdev:503cee263d01677b530b | hpdev:c6172f20f8b0b917f940,Anderson Silva | Lyoto Machida | Wallid Ismail | Namsaknoi Yudthagarngamtorn | Renzo Gracie | Mário Neto | Pete Sell | Vitor Belfort | Rafael dos Anjos | Joe Lauzon
5a7af4cd55429931da12c9a6,Beena Sarwar is the editor of a peace initiative sponsored by a newpaper based in what city?,"Karachi, Pakistan",Beena Sarwar,Daily Jang,1,117,1,117,partial,,True,False,False,True,False,False,True,False,False,True,False,False,True,False,False,hpdev:0cc3d2d23fa96fada618 | hpdev:42ea5d21d06f2de8c486 | hpdev:b55df3156166e60cfb95 | hpdev:bb08564514dcdc8face5 | hpdev:d22836c32db9c24a7775 | hpdev:4b4caf15c1bcd515e75c | hpdev:7c1cfbc403a1ceafcff4 | hpdev:03beb4acea8fe2990388 | hpdev:84683de54b73c53442f3 | hpdev:87b974b73df00d678f3a,Beena Sarwar | United Nations Peace Messenger Cities | Global Peace Foundation | Israeli Peace Initiative | Arab Peace Initiative | Beena Paul | South Asia Peace Initiatives | Borlaug Global Rust Initiative | Admiral Ahsan Mission | Stony Awards
5ac23f9555429951e9e684db,"What role did the actor who played Colonel Sherman T. Potter in ""M*A*S*H"" play in ""Kentucky Jones""",Seldom Jackson,Harry Morgan,Kentucky Jones,1,4,1,4,complete,A_merged_text_variants,True,False,False,True,False,False,True,True,True,True,True,True,True,True,True,hpdev:8f2891c30f31464455f0 | hpdev:d2d2fda1ba47e0138c79 | hpdev:7e74c14136a500c06ad1 | hpdev:bee2c19eced20a64df82 | hpdev:827e577626e9900b0864 | hpdev:acf25711e560725d7488 | hpdev:9e9785a7cb92f1d4d153 | hpdev:f0e40fdecbdab8f5f928 | hpdev:a17645e3fcf7cbcf36f3 | hpdev:977fe48531a36eeadbda,Harry Morgan | Sam Clemmett | AfterMASH | Kentucky Jones | Richard T. Jones | Max Charles | Hero Fiennes-Tiffin | Ryan Potter | Tom Felton | Bruce Boa
5adf5e285542992d7e9f9323,"When was the judge born who made notable contributions to the trial of the man who tortured, raped, and murdered eight student nurses from South Chicago Community Hospital on the night of July 13-14, 1966?","June 4, 1931",Louis B. Garippo,Richard Speck,3,1,1,3,complete,,False,True,False,False,True,False,True,True,True,True,True,True,True,True,True,hpdev:26879312b29a104264cc | hpdev:1836d6ab8d74d584ae7f | hpdev:0e1dca65143dcbc72884 | hpdev:ea9330a833371b7600ae | hpdev:40e25c6232bb4ce1e47b | hpdev:837570860ff8e2e2a7b7 | hpdev:60e43857d04d9c8d09e1 | hpdev:8e14a5d6ceeb3c920ab3 | hpdev:a56dc0c97af818c90a94 | hpdev:76225cc456b151e48281,"Richard Speck | Empty Eyes (CSI: Crime Scene Investigation) | Louis B. Garippo | Night Call Nurses | St Luke's Hospital, Singapore | Community Health Nurses Training College, Fomena | Guillermo Sapiro | Sadie Macdonald | Jurong Community Hospital | Murder of Shafilea Ahmed"
5ae0132d55429925eb1afc00, The Soul of Buddha is a 1918 American silent romance film shot in a borough  that is the western terminus of what?,the George Washington Bridge,"Fort Lee, New Jersey",The Soul of Buddha,7,1,1,7,complete,,False,True,False,False,True,False,False,True,False,True,True,True,True,True,True,hpdev:869ec99e43998cfbcb6c | hpdev:64d41d0d8464c4f04df4 | hpdev:5a334f6cf7fa0d4b39ab | hpdev:91faa7c58bab67d92a6f | hpdev:7666723a8a65b5705918 | hpdev:2d96e72fc3085809ae1b | hpdev:12d8cdba915539e45602 | hpdev:3d8fb3f532a9c30f92c8 | hpdev:9a2bf9644da5d58bbaeb | hpdev:ead8917309a05a5e49aa,"The Soul of Buddha | The Grain of Dust (1918 film) | Broadway Love | Out of a Clear Sky | A Man's Man | Young Romance (film) | Fort Lee, New Jersey | The Sporting Life (1918 film) | Niles Essanay Silent Film Museum | The March Hare (1921 film)"
5ab98608554299131ca42362,Where does the story take place in 1988 film The Moderns?,1926 Paris,The Moderns,John Lone,1,28414,1,28414,partial,,True,False,False,True,False,False,True,False,False,True,False,False,True,False,False,hpdev:2a92041232d2a218d54f | hpdev:1040ea7f2681b9d737ba | hpdev:7dba6410823fa33e3151 | hpdev:2f03c9dae667e14a9141 | hpdev:b5cf07864ad6ff3d7b2d | hpdev:c3cc05241d5b66afeeb7 | hpdev:27478c340bc9c2f93005 | hpdev:96eba1c8c3fad7cdf8fa | hpdev:cd845a26c2ce7649593f | hpdev:9b7d6fdf52debbf9d93f,The Moderns | L (film) | The Hunger Games (film) | Irma Vep | Georges Bataille's Story of the Eye | Ghar Ghar Ki Kahani (1988 film) | Enchanted Forest Chronicles | Idiocracy | Midkemia | Police Story 2
5abdce1b5542993062266cfe,What Minnesota county is the University of Minnesota in?,Hennepin County,Sydney Anderson,Minneapolis,4,66,4,66,partial,,False,False,False,False,False,False,True,False,False,True,False,False,True,False,False,hpdev:19f6d6b8bc5e953886b2 | hpdev:c12c0c526f89a06a1257 | hpdev:1bd5636f60c309650407 | hpdev:1271a4013ca74ca3d9b3 | hpdev:60b9fa4e2a2e78f550bb | hpdev:59324164b072f03878f9 | hpdev:78ae782d2415aef4d385 | hpdev:05b7d67e3b04ac7c191f | hpdev:e7e6b95473aa1a84cc46 | hpdev:daf88a41ece706eaf933,"Tom Huntley | James McCleary | George Ross Smith | Sydney Anderson | Hennepin County, Minnesota | University of Minnesota School of Nursing | Franklin Ellsworth | Richard Pillsbury Gale | Gary Flakne | Sand Lake Township, Itasca County, Minnesota"
5a83eaae55429933447460b4,"The Swiss immigration referendum, February 2014 is an example of what, which was framed by bilateral treaties between Switzerland and the European Union?",relations between Switzerland and the European Union,Switzerland–European Union relations,"Swiss immigration referendum, February 2014",2,1,1,2,complete,,False,True,False,True,True,True,True,True,True,True,True,True,True,True,True,hpdev:5c8d919351245b2dd6ca | hpdev:c40d100056b4abce74ed | hpdev:8d0ebe52b4c37bbbf3ea | hpdev:13be1ecdd5825fc4d5c5 | hpdev:1a9fae65bad377597a86 | hpdev:90672b476e31ef8c7a0a | hpdev:ef1c1f2795cd30400e07 | hpdev:068769696ee68a6107ef | hpdev:9996dbd8517e35876800 | hpdev:ddbce239847e54f79067,"Swiss immigration referendum, February 2014 | Switzerland–European Union relations | European Single Market | European Union (Referendum) Bill 2013 | Treaty of Accession 1994 | Tax treaty | European Union (Referendum) Act 2016 (Gibraltar) | 1995 enlargement of the European Union | European Union (Finance) Act 2015 | The Aachen Memorandum"
5a8e8d665542995085b3744e,What was the birth name of the start of Hwarang: The Poet Warrior Youth?,Park Yong-gyu,Park Seo-joon,Hwarang: The Poet Warrior Youth,38542,1,1,38542,partial,,False,True,False,False,True,False,False,True,False,False,True,False,False,True,False,hpdev:5a1747439222495302ce | hpdev:7557cc50bbdc0e6e89e4 | hpdev:493e00af036fbab0300e | hpdev:f80d085367eb21a09604 | hpdev:5c1c973a109ede3e7b32 | hpdev:f5ced1061120f0544fdc | hpdev:3f2598e96887b038a111 | hpdev:209d98bf804a69e7cd24 | hpdev:8d1bdfe5e5ae7656f369 | hpdev:54297fab64627c23edc3,Hwarang: The Poet Warrior Youth | Hwarang | Po (Kung Fu Panda) | Último Guerrero | Emmanuel F. Lacaba | Salmi Manja | The Ultimate Warrior | California Birth Index | Eagle warrior | Kisna: The Warrior Poet
5a77d5b855429949eeb29f77,"Which nationality is the international footballer, born 20 March 1984, who made his breakthrough La Liga debut in the 2002–03 Atlético Madrid season, scoring 13 league goals as a teenager?",Spanish,Fernando Torres,2002–03 Atlético Madrid season,2,1,1,2,complete,,False,True,False,True,True,True,True,True,True,True,True,True,True,True,True,hpdev:8ed77ffe983cda95d3a3 | hpdev:7aa6348301e8cf5289ae | hpdev:5394c633885ae3088747 | hpdev:b10c16dff61687e51acb | hpdev:a357712e458dd05146f6 | hpdev:301037ea480b86564bda | hpdev:6b00fb6df26706938f86 | hpdev:66f98fc2c670c6c99bd9 | hpdev:16fc7b22073405d109ce | hpdev:7ca12db440d95d7bfe6f,2002–03 Atlético Madrid season | Fernando Torres | 2012–13 Atlético Madrid season | Jesus Narro Sancho | 1997–98 Atlético Madrid season | 2016–17 Atlético Madrid season | 2017–18 Atlético Madrid season | 2015–16 Atlético Madrid season | 2011–12 La Liga | Atlético Madrid
5ab1dcab5542993be8fa985e,"What was the middle name of the actress who was cast alongside Harvey Fierstein, Linda Hart, Dick Latessa, Clarke Thorell, Mary Bond Davis, Laura Bell Bundy, Matthew Morrison, Corey Reynolds, and Marissa Jaret Winokur in Hairspray?",Marie,Kerry Butler,Hairspray (2002 album),5223,1,1,5223,partial,,False,True,False,False,True,False,False,True,False,False,True,False,False,True,False,hpdev:3b8cdf5113ce73df964d | hpdev:39c1734307c7205312c1 | hpdev:dd56e0858ed44fcab72f | hpdev:465496175e06bece7433 | hpdev:bc9660e929b37b5e5027 | hpdev:3c3cc306d655c1bf7df7 | hpdev:a9493c49456b459488f8 | hpdev:e80a84c38668e9d2d7fe | hpdev:3dda13fb06c84fb794a2 | hpdev:01c120a8ee069308a209,Hairspray (2002 album) | Marissa Jaret Winokur | Beautiful Girl (film) | Surf School | Harvey Fierstein | Giddy On Up | Achin' and Shakin' | Dance Your Ass Off (season 1) | Retired at 35 | Dance Your Ass Off
5ae1fd995542997283cd2313,Is It Just Me? was a single by the English rock band from what Suffolk city?,Lowestoft,Is It Just Me?,The Darkness (band),7,18,7,18,partial,,False,False,False,False,False,False,False,False,False,True,False,False,True,True,True,hpdev:4795b77c2d44bf21c6fc | hpdev:e30bbd8e66e326124e85 | hpdev:f3fa1907a2ebb5d8cbf0 | hpdev:e83a85ffbe2d6693f4d4 | hpdev:903aec26839dfc456182 | hpdev:acbb1815ec36696dc743 | hpdev:a17de4f8b2596a7399ce | hpdev:724532a55f72d36ec6a4 | hpdev:950b76c483011ca7defb | hpdev:342f2f03e0e6dcf5ccaf,"What the Water Gave Me (song) | Rock Me (One Direction song) | I'm Just a Singer (In a Rock and Roll Band) | Wake Me Up (Girls Aloud song) | The Greatest Hits, So Far | Ask Me Why | Is It Just Me? | Here with Me (The Killers song) | Was ist das | Just Like Me"
5ab69f9a554299710c8d1ef8,"The fictional private detective that appears in ""The Adventure of the Seven Clocks"" what written by whom?",Sir Arthur Conan Doyle,Sherlock Holmes,The Adventure of the Seven Clocks,6,1,1,6,complete,,False,True,False,False,True,False,False,True,False,True,True,True,True,True,True,hpdev:e8187af066994ccd8d52 | hpdev:b09c2706afe5072c8a15 | hpdev:d700e199b010e43ce971 | hpdev:c56d70bea5ee39c59a74 | hpdev:2825b13d42a44cdce7a8 | hpdev:25e52f9270e3bdbfa136 | hpdev:2e7d2a6502c61cd5c6fa | hpdev:fbd66a6e771e6ff597d3 | hpdev:b2ae40feb8d03e92fe3b | hpdev:9005f05c4083a1e0b0f4,"The Adventure of the Seven Clocks | Pepe Carvalho | Hazell (TV series) | Mickey Spillane's Mike Hammer | Dan Turner, Hollywood Detective | Sherlock Holmes | Tam Sventon | Michael Shayne | Nick Carter, Master Detective | Wilsberg"
5ac2cb09554299657fa29066,What team did Travis Cortez Mays play on which currently compete in the Big 12 Conference.?,Texas Longhorns men's basketball team,Travis Mays,Texas Longhorns men's basketball,1,5,1,5,complete,,True,False,False,True,False,False,True,True,True,True,True,True,True,True,True,hpdev:e4822f83f493fd71c33c | hpdev:b22c18351d913d0f4ea4 | hpdev:e232b4446e76b0927085 | hpdev:d4b77901be4b39fd12f2 | hpdev:f3c780464a620ffcf529 | hpdev:a5107fb2a66862ab4749 | hpdev:6c6d8caf62205e8144ec | hpdev:8f3b730d2bf07866ba4a | hpdev:e25b63daffea18713db1 | hpdev:bb91e34166b1f85eeea9,Travis Mays | Big 12 Conference men's basketball | Big 12 Conference football | Texas Longhorns women's basketball | Texas Longhorns men's basketball | 2013–14 Oklahoma State Cowboys basketball team | 2015–16 Big 12 Conference men's basketball season | 2012–13 Oklahoma State Cowboys basketball team | 2014–15 Oklahoma State Cowboys basketball team | 2016 Big 12 Conference football season
5a7b1a4a55429927d897bf3b,"What landmark event did Bill Miner achieve at Silverdale, British Columbia, coining the phrase ""Hands Up!"" in doing so?",Canada's first train robbery,"Silverdale, British Columbia",Bill Miner,1,2,1,2,complete,,True,False,False,True,True,True,True,True,True,True,True,True,True,True,True,hpdev:34286e8244db35c23fb9 | hpdev:a872c186bdca3c60b627 | hpdev:e342759caa9c6cbd38c2 | hpdev:f3bee796e41e890687cb | hpdev:c4327fecfc6e3dfd382c | hpdev:7923ff99e1b8ddb77832 | hpdev:46e244b22f074a35886e | hpdev:061691f924e646ac4c2d | hpdev:c819565bb5eeee6238b8 | hpdev:18cea3d5bf61112f7bad,"Silverdale, British Columbia | Bill Miner | Regan Oey | Caravan Farm Theatre | Frederick John Fulton | Parker Williams | UFC 140 | 1998 Molson Indy Vancouver | What Would Joey Do? | A White Man's Province"
5ab5ed505542997d4ad1f255,"Who is Bruce Spizer an expert on, known as the most influential act of the rock era?",The Beatles,Bruce Spizer,The Beatles,1,3,1,3,complete,,True,False,False,True,False,False,True,True,True,True,True,True,True,True,True,hpdev:609c4e0b02962b7750fb | hpdev:47299fc2482af5279db2 | hpdev:6e75bf0511e179710a98 | hpdev:a8e640be64afe2bff065 | hpdev:a85b6f3db45214158b2a | hpdev:d4798ee42b019a7e1b5f | hpdev:8f41f57950fc1a176752 | hpdev:c69694b34c26d0a1108b | hpdev:97902ac47df17312f679 | hpdev:bdfa6fe2b58fb34e6cbf,Bruce Spizer | Cultural impact of the Beatles | The Beatles | Marsha Albert | Cargo Records (Canada) | Pete Townshend | Claudio Fernández-Aráoz | Christian Death | Azra | Luis Alberto Spinetta
5abcff225542993a06baf9ea,"During the 2004-05 Atlanta Hawks season, the team acquired a former professional basketball player, who is the current head coach of what team?",Cleveland Cavaliers,2004–05 Atlanta Hawks season,Tyronn Lue,1,18,1,18,partial,,True,False,False,True,False,False,True,False,False,True,False,False,True,True,True,hpdev:068349fd7cf765d41bcd | hpdev:31db2ac6a1e1b1aeb227 | hpdev:a095cd2d0877f886fe36 | hpdev:9f7e322c5d2f7ecd5335 | hpdev:4f448736e9736dcdb678 | hpdev:8c4a4543e9d045b565fb | hpdev:0aca1257d579a47465bc | hpdev:acecfdc13266a552e9b6 | hpdev:11be7e3456a6e75332a3 | hpdev:e14bdd76361a79c6139e,"2004–05 Atlanta Hawks season | Mike Dunleavy Sr. | 2004–05 Dallas Mavericks season | 2016–17 Atlanta Hawks season | 2014–15 Atlanta Hawks season | 1995–96 Atlanta Hawks season | Skyhawk (mascot) | Willie Green | Atlanta Hawks, LLC | 2004–05 Milwaukee Bucks season"
5ab4355555429942dd415ee3,"What novella was ""Eyes Wide Shut,"" starring Vinessa Elizabeth Shaw, based on?","""Traumnovelle"" (""Dream Story"")",Vinessa Shaw,Eyes Wide Shut,1,2,1,2,complete,,True,False,False,True,True,True,True,True,True,True,True,True,True,True,True,hpdev:0965510dac2bd71e398f | hpdev:226e7dce90d301fa7618 | hpdev:65d5e8e4da8b179a8cc0 | hpdev:c458084ead3aadca32dc | hpdev:c6d750e7977d6b21289d | hpdev:55fdd0223db5560edf0b | hpdev:9ea253cf5c92fcd4bc37 | hpdev:56bf854a687513f5cd56 | hpdev:2e6c774bbacf8f620151 | hpdev:086f29f1f1ab418c1bfc,Vinessa Shaw | Eyes Wide Shut | Garden Party (film) | Elizabeth Shaw (confectionery company) | Filmography and awards of Stanley Kubrick | Tom Cruise: Unauthorized | Rudolf Sieczyński | Forever Blue (Chris Isaak album) | Adam Bond | 3:10 to Yuma (2007 film)
5ab73eaf5542992aa3b8c7ef,Humanzee is a hypothetical hybrid of humans with what great ape?,Chimpanzees,Chimpanzee,Humanzee,250,1,1,250,partial,,False,True,False,False,True,False,False,True,False,False,True,False,False,True,False,hpdev:5341e862d281f6cdc0e0 | hpdev:dacbf728a9aa43870014 | hpdev:921e9998f0346e47806d | hpdev:0e92890b37021331d066 | hpdev:f76b3dda5ed08ad143bd | hpdev:1666fd0f16982ad909bc | hpdev:03c18f7728423df69daa | hpdev:aeaaf626e2564c3f77e1 | hpdev:7bd4c0e986fbacb4f274 | hpdev:88f45cebd5fa841c2e5c,Humanzee | Oliver the chimpanzee | Great ape personhood | Great ape research ban | Great Ape Project | Orangutan (disambiguation) | Anne E. Russon | Kanzi | Hybrid electric vehicle | PlayStation Move Ape Escape
5a88cc8f55429938390d3fc5,Ralf D. Bode is best known for his work on a film starring who as Loretta?,Sissy Spacek,Ralf D. Bode,Coal Miner's Daughter (film),1,3,1,3,complete,,True,False,False,True,False,False,True,True,True,True,True,True,True,True,True,hpdev:91e8637e9aa2a6ce8b16 | hpdev:c41e1138d50668c2d3ac | hpdev:3cf24f244bfbb8159137 | hpdev:9c89f31d701053942e21 | hpdev:38567a88081a77e6afcc | hpdev:98851f49436552f67fe5 | hpdev:f5d5fadf6c585b55fd44 | hpdev:463234cf797446badb46 | hpdev:d2088f89ea1df1050507 | hpdev:79b27e36c71e73dc900a,Ralf D. Bode | Shadowland (k.d. lang album) | Coal Miner's Daughter (film) | Laurette Luez | Karolyn Grimes | John D. Hancock | Bhaskar (director) | Mary Philbin | Jan D'Alquen and Ron Eveslage | Robert Williams (actor)
5abaee845542996606241696,"On February 25, 2017 tony Harrison lost the the International Boxing Federation light middleweight world title to a boxer from what state?",Maryland,Jarrett Hurd,Tony Harrison (boxer),51,1,1,51,partial,,False,True,False,False,True,False,False,True,False,False,True,False,False,True,False,hpdev:d0a071dc624b8b3bfba6 | hpdev:975ee3250770e39388d2 | hpdev:796c0d61ea9553ceedb7 | hpdev:88efc02200e8f8ab29c8 | hpdev:4564463f5dd7475f7682 | hpdev:87fac1b64df79448cc94 | hpdev:1d2f26f7290f73584407 | hpdev:9076e567fcbf5ca0d3e6 | hpdev:fb8f61a48eaef31f88ce | hpdev:865f1df7d640d9c63d53,Tony Harrison (boxer) | Guy Waters | Steve Foster (boxer) | Alain Bonnamie | Andre Thysse | James Obede Toney | Scott Dixon (boxer) | Kevin Kelly (boxer) | Jermain Mackey | Rod Carr
5a73583455429901807dafcf,"In which professional wrestling promotion did Randy Savage perform, after he left the World Wrestling Federation?",World Championship Wrestling,Randy Savage,World Championship Wrestling,1,6,1,6,complete,,True,False,False,True,False,False,True,False,False,True,True,True,True,True,True,hpdev:57681080b70a21b096e1 | hpdev:c3c66bef18dcf7f926e6 | hpdev:4495f0ae69e0712c9636 | hpdev:d80159768f544fc22f55 | hpdev:69c4f9210e7cfad3d59d | hpdev:36265d77a5ada8d057d0 | hpdev:eda3ecacc6b2213e9077 | hpdev:2829df7c0ad0d8957fc0 | hpdev:b937d8f63e4f5efac2cb | hpdev:a1cb69f111a86584e9d7,Randy Savage | ICW Heavyweight Championship | The Mega Bucks | The Mega Powers | Power Pro Wrestling | World Championship Wrestling | Miss Elizabeth | World Tag Team Championship (WWE) | WWE Tag Team Championship | WWF SmackDown! (video game)
5ab960d6554299743d22eb21,Thomas Francis Murphy had a role in which 2008 comedy film?,Leatherheads,Leatherheads,Thomas Francis Murphy (actor),198,1,1,198,partial,,False,True,False,False,True,False,False,True,False,False,True,False,False,True,False,hpdev:2e748b88eee657e24360 | hpdev:a4958557469b67b225c3 | hpdev:249e4d4cca7ce548afde | hpdev:a35be7190819fe88e611 | hpdev:5aac629a3c8ddfaf0e43 | hpdev:1e0efd28384c68dc20d2 | hpdev:1cae1815b4bf0efa5800 | hpdev:8d93e97b37a92a2bc468 | hpdev:d225cfc1ea8af17df5c9 | hpdev:938d71e857c98e502cb0,Thomas Francis Murphy (actor) | Thomas Francis Murphy | Ozark Sharks | Pat Murphy of Meagher's Brigade | Eddie Murphy Delirious | Killer Joe (film) | Eddie Murphy Raw | Niveda Thomas | Tommy Kelly (actor) | Coming to America
5a84bc5b5542991dd0999dc3,Who was the vizier of Ebla after one who had served king Ishar Damu for 17 years?,Ibrium,Ibrium,Ibbi-Sipish,2,1,1,2,complete,,False,True,False,True,True,True,True,True,True,True,True,True,True,True,True,hpdev:1fd3ed0e2d8c438a3f54 | hpdev:4d845836651d109ab0da | hpdev:30a1f06df6f04e390a63 | hpdev:af1d29f666788cc6c548 | hpdev:ba9e615ed9ba1a46fb86 | hpdev:2b7eb7f2e93acfbc84f2 | hpdev:7f2019e1d96ff846b39e | hpdev:d5ea5bbe52aa06fc6028 | hpdev:f11d246aba6be2d155f0 | hpdev:479f12f0a9e7049919af,Ibbi-Sipish | Ibrium | Kun-Damu | Ishtup-Ishar | Ramose (TT55) | Mehu | Rekhmire | Alaeddin Pasha (vizier) | Abu'l-Hasan Ali ibn al-Furat | Arthur Paul Carmona
5a8e08ab5542995085b37393,Who is the mother of the king that Walchelin de Ferriers was principal captain to?,Duchess Eleanor of Aquitaine,Walchelin de Ferriers,Richard I of England,1,506,1,506,partial,,True,False,False,True,False,False,True,False,False,True,False,False,True,False,False,hpdev:8153b893438322ba96b9 | hpdev:5c2f4a3f92a38328ef61 | hpdev:ffcbd6978e5aeb39f3b6 | hpdev:6d49fc4121136058a179 | hpdev:4168ac7d406d23da5f9c | hpdev:2f2b6d61cad81687f09f | hpdev:035e820ae6953f0535e7 | hpdev:9d43f7f076fc5004bfb4 | hpdev:92719ed566b9fb34b1b0 | hpdev:8e445961fa22632d72af,"Walchelin de Ferriers | Oakham Castle | Farrar (surname) | Jacques Beaufranchet | Louis-Philippe Mariauchau d'Esgly | Yaza Dewi of Pegu | Erchinoald | Guy de Beauchamp, 10th Earl of Warwick | Cecil Frederick King | John de Cheam"
5a8ba0855542995d1e6f1427,A writer for The Kenyon Review won a Pulitzer Prize in what year?,1947,The Kenyon Review,Robert Penn Warren,13,3,3,13,partial,,False,False,False,False,False,False,False,True,False,False,True,False,True,True,True,hpdev:979595412885e35f07b6 | hpdev:4134848dfd67f6d494d2 | hpdev:0bd681d795aae8281f24 | hpdev:9fca8a0ff68d543dbffd | hpdev:95d42fe54beab9bf5b48 | hpdev:f890b8e2ae444514ec88 | hpdev:ffa30fa7971ad370f574 | hpdev:fcf4355e70fe7050a139 | hpdev:8e8581c357e131fe9773 | hpdev:934810af4350029afee9,Mark Jacobs (author) | Cara Blue Adams | Robert Penn Warren | Jason Gray (poet) | Karin Lin-Greenberg | Derick Burleson | 1917 Pulitzer Prize | Lexington Herald-Leader | Pulitzer Prize for Fiction | Larry C. Price
5ae2e0fd55429928c4239524,What actor was also a president that Richard Darman worked with when they were in office?,George H. W. Bush,Richard Darman,Ronald Reagan,1,780,1,780,partial,,True,False,False,True,False,False,True,False,False,True,False,False,True,False,False,hpdev:f61b74531d363f46904a | hpdev:69283848f5b2935a0d14 | hpdev:793752eae86db7407823 | hpdev:6d7bc28d452e70f2fa97 | hpdev:18fb5cf3c81babb9d307 | hpdev:f93d425023d41b0bbf17 | hpdev:a6863f619edf2101377e | hpdev:682058f98c1d567e1fa9 | hpdev:0a13750e86d1efcdc0f5 | hpdev:24fa7a76cc60c3baed76,Richard Darman | Richard Nixon | Presidency of Richard Nixon | Richard Nixon Supreme Court candidates | Shahabuddin Ahmed | Bobbie Kilberg | New York Life Insurance Building (Montreal) | Second inauguration of Richard Nixon | Timeline of the presidency of Gerald Ford | List of domestic buildings by G. E. Street
5a8313a755429954d2e2ec06,Mischa Anne Barton's first major film role was the protagonist of a movie written by who?,Naomi Wallace,Mischa Barton,Lawn Dogs,1,2,1,2,complete,,True,False,False,True,True,True,True,True,True,True,True,True,True,True,True,hpdev:df3833624a267ce00e50 | hpdev:3eb383ddd37aea9ae847 | hpdev:5090c4707d28660dba14 | hpdev:6b4c7c5f062d57cb2d71 | hpdev:612682ea9ca305b01178 | hpdev:f8c296c4c5b285877594 | hpdev:49481e391de9e6f44c3c | hpdev:1e5bf74af38977107e6c | hpdev:9478ad7893a6a927f2e9 | hpdev:b7ab33303b420ded7d9d,Mischa Barton | Lawn Dogs | Reece Thompson | Nevada (1944 film) | Kangalal Kaidhu Sei | The Dark Tower (1943 film) | Parasite (film) | Praveen Prem | Angela Pleasence | Despedida (Shakira song)
5ab624b855429953192ad26d,To Catch a Predator was devoted to impersonating people below the age of consent for which in North America varies by what?,jurisdiction,Ages of consent in North America,To Catch a Predator,3,1,1,3,complete,,False,True,False,False,True,False,True,True,True,True,True,True,True,True,True,hpdev:73aa76213039fd8c8b54 | hpdev:4a76eb612fc924f96291 | hpdev:1480d74dd9ddf1481a2d | hpdev:40a8df35b7da53b8d7b8 | hpdev:cda0bbf3baa5ec126f8d | hpdev:69bf69683c349d1b8e8a | hpdev:f3646453c8cc835c97fd | hpdev:6016966664c8c0b41901 | hpdev:cb69f2c44a4c22050bd2 | hpdev:dab001e8a2bda3d8b096,To Catch a Predator | Snipe hunt | Ages of consent in North America | Aliens vs. Predator: Requiem (video game) | Aliens versus Predator (1999 video game) | Ages of consent in Europe | Polonosuchus | Legality of prostitution in North America | Fascism in North America | Age of Consent (film)
5ae53fcb55429960a22e029e,Who created the show with Wendy Schaal doing the voice of Francine?,Seth MacFarlane,Francine Smith,American Dad!,2,4199,2,4199,partial,,False,False,False,True,False,False,True,False,False,True,False,False,True,False,False,hpdev:79053ef28ab7a6d21f32 | hpdev:313103371e90ec526288 | hpdev:82d93d4ee53a292a8110 | hpdev:f6daecbc19727fbd146e | hpdev:1e3ce13bb8d3d4f422d2 | hpdev:7f9709237622f8cfe6df | hpdev:0f9b4292534047615c69 | hpdev:893a081e65a8c0b1d36f | hpdev:300a38c87b0cab65e85e | hpdev:ee359f58065010c38346,Wendy Schaal | Francine Smith | The Wendy Williams Show | Creature (1985 film) | The 'Burbs | Going Under (1991 film) | The Voice of the Philippines | Bob the Builder | Where the Boys Are '84 | Wendy Testaburger
5a7b782455429927d897bfd7,"Staten Island Summer, starred what actress who was a cast member of ""Saturday Night Live""?",Cecily Strong,Cecily Strong,Staten Island Summer,2,17,2,17,partial,,False,False,False,True,False,False,True,False,False,True,False,False,True,True,True,hpdev:7c7bbca7869756248a7e | hpdev:67f45a0ae52408209287 | hpdev:dc5c1f1a4cc2e20771d0 | hpdev:1d23cf497e42f2a1011a | hpdev:7929258a9d3fe65d04ba | hpdev:73e4d92dcd3a2fac38cb | hpdev:1d0cd5376e1768f98bdd | hpdev:b5a8a749d10a19440856 | hpdev:9c0f3139aee6f7528b35 | hpdev:b6dfebd1c725fa61f4fd,Ellen Cleghorne | Cecily Strong | Saturday Night Live parodies of Sarah Palin | Laraine Newman | Heidi Gardner | Gail Matthius | Yvonne Hudson | Saturday Night Live | David Spade | List of Saturday Night Live guests
5ae56a0d5542990ba0bbb29c,"When is the 2010 population of a town in Waldo County which was covered by ""Maine School Administrative District 3""?","2,099","Unity, Maine",Maine School Administrative District 3,4,8,4,8,complete,,False,False,False,False,False,False,True,False,False,True,True,True,True,True,True,hpdev:f6b33fea37126bdcf7d2 | hpdev:d348055b283ccc4f181b | hpdev:b30f9161ced4e4136d70 | hpdev:6ccad26c73b537ba9961 | hpdev:d5927a582945e25801e2 | hpdev:d6d247e912462dd26d34 | hpdev:4f48e97706d288101e30 | hpdev:394aac6e49426af39810 | hpdev:5850be51b004fdb0a66e | hpdev:949a9540014b23fd5c7f,"Steep Falls, Maine | Buckfield, Maine | Mount View High School (Maine) | Unity, Maine | Islesboro, Maine | Maine School Administrative District 15 | Alfred, Maine | Maine School Administrative District 3 | Maine School Administrative District 68 | Maine School Administrative District 46"
5add57e55542992ae4cec516,The scunthorpe telegraph and the Grimsby Telegraph used to service Scunthorpe which is in what country?,England,Scunthorpe Telegraph,Grimsby Telegraph,1,2,1,2,complete,,True,False,False,True,True,True,True,True,True,True,True,True,True,True,True,hpdev:2eaee6477adf425d1312 | hpdev:adf5f0be599ab5aa70f9 | hpdev:c8078454662c8d8782a5 | hpdev:9baabeddca06c3852de6 | hpdev:6e36064c1800a3c5fb17 | hpdev:1082816ebe46ac7fff61 | hpdev:4f49886dfa07bcb469f2 | hpdev:56f7dd9980f49d66c993 | hpdev:e978bce0de24f616882c | hpdev:db820c9e5cb9e951270b,"Scunthorpe Telegraph | Grimsby Telegraph | Frodingham, Lincolnshire | Jimmy Neil | Pavel Schilling | Telconia | M180 motorway | Boston United F.C. | Telecommunications in China | Pacific Bell"
5adcfba05542990d50227d83,The Story of the Man Who Turned into a Dog is a type of play that fits into the genre that was founded during what era?,post–World War II,Theatre of the Absurd,The Story of the Man Who Turned into a Dog,13262,1,1,13262,partial,,False,True,False,False,True,False,False,True,False,False,True,False,False,True,False,hpdev:f5bb974167632fe07381 | hpdev:015b5c48b407b2362e60 | hpdev:e15b6c57340139a1dd77 | hpdev:be37f66cb80400afe83f | hpdev:a913e7ae2b34f9d19a2b | hpdev:2745cc912e13c83c0095 | hpdev:515bbc8028a755d1daad | hpdev:dbfd0ffc86ee5dc68482 | hpdev:cd6a5d5ee4bbe48ad36f | hpdev:e888a7df4bcaf1a24b8c,The Story of the Man Who Turned into a Dog | Man That You Fear | In the Blood (play) | Choking Doberman | I Novel | Hisashi Igawa | The Two Orphans (1933 film) | MediaEntity | Abraham Weinberg | Equus (play)
5abdcaea55429965af743e4e,What kind of result does 2013 Ghana Movie Awards and A Northern Affair have in common?,winners,A Northern Affair,2013 Ghana Movie Awards,3,1,1,3,complete,,False,True,False,False,True,False,True,True,True,True,True,True,True,True,True,hpdev:cc81ad27a88042b09211 | hpdev:8a79a92d43d9a7d2c457 | hpdev:095071d86ddea5ba64ec | hpdev:9529e03e8fc0fcfa03c3 | hpdev:21acea68db4b18f005c9 | hpdev:ed798757a157407221c8 | hpdev:9bdc648ca0d3a4eb48e1 | hpdev:5a6a3b01f9b2f7c0dd74 | hpdev:a0d90a0dd1d79c0eac71 | hpdev:3138d0798dd5a78c36df,2013 Ghana Movie Awards | Joselyn Dumas | A Northern Affair | MTV Russia Movie Awards | 2011 Ghana Movie Awards | 2010 Ghana Movie Awards | Some Kind of Fairy Tale | A Sting in a Tale | Mercy chinwo | Deep Fried Man
5a808f96554299485f598655,Vasily Agapkin's most well-known march was written in honor of what event?,the Slavic women accompanying their husbands in the First Balkan War.,Farewell of Slavianka,Vasily Agapkin,2,1,1,2,complete,,False,True,False,True,True,True,True,True,True,True,True,True,True,True,True,hpdev:5ca7a00681838bf0c0c4 | hpdev:e081717781ce5b696678 | hpdev:3661843d0419e16464fe | hpdev:46d1977cf7610326b4d8 | hpdev:888fcac0f38a8436226e | hpdev:06f9a8f5ac642fdfbaee | hpdev:022c8ccbd82bb8488f52 | hpdev:8e9ac7bac1db30aad523 | hpdev:a21d76c5b9753dbef090 | hpdev:617830860f0b37c32ff5,Vasily Agapkin | Farewell of Slavianka | Supercard of Honor IX | ROH Anniversary Show | Arnold Sports Festival | Vasily Zarubin | ROH 15th Anniversary Show | ROH 13th Anniversary Show | Foundation's Friends | Bill Martin Jr.
5a8dee2455429917b4a5bce1,What other film did the star of 127 Hours act in?,Pineapple Express,127 Hours,James Franco,1,14,1,14,partial,,True,False,False,True,False,False,True,False,False,True,False,False,True,True,True,hpdev:4c00ac9667b4fb3e53e1 | hpdev:82af2063e94144702705 | hpdev:9e2fe6a5c9f15018c55b | hpdev:e28509e5a7cccdfe0e1a | hpdev:db07bd878f10bb99ccd4 | hpdev:fb02d995db81dbc7e315 | hpdev:40d67e382868198aa367 | hpdev:89e61486cdf52051cacb | hpdev:0cb849f6f7e5df30f5b4 | hpdev:0b2fa31f8bda78823585,127 Hours | List of accolades received by 127 Hours | 127 Hours (soundtrack) | Coal Mines Regulation Act 1908 | Clémence Poésy | Treat Williams | People Like Us (soundtrack) | Factories Act 1847 | Aron Ralston | Danny Boyle
5ac19bf55542994ab5c67d97,High Water is a song by Bob Dylan it was based on the 1927 Lousiana Flood. Another song recorded by Dylan about the event is When the Levee Breaks who is the Husband and Wife team that wrote and recorded this song in 1929 ?,Joe McCoy and Memphis Minnie,When the Levee Breaks,High Water (For Charley Patton),2,1,1,2,complete,,False,True,False,True,True,True,True,True,True,True,True,True,True,True,True,hpdev:47a38114a86145430697 | hpdev:d94fd3d19eb529764f3c | hpdev:4b08305b00d81c82d85b | hpdev:8a27760625536c0f1bae | hpdev:70dedcb271650a2801f6 | hpdev:598f221a8cf30826b5a1 | hpdev:4c77cac83e9a24f3a7e0 | hpdev:ef16fb6a6bf5b9b573ed | hpdev:8bcfbdef14dc718275e5 | hpdev:fc467036e1c054c5461b,"High Water (For Charley Patton) | When the Levee Breaks | All I Really Want to Do | Mama, You Been on My Mind | To Ramona | Shelter from the Storm | High water mark | Joe Cocker! | Love Is Just a Four-Letter Word | Rita May (song)"
5a88a1bb5542997e5c09a64c,Who directed a 2006 film where Ron Perkins character plays the manager of a hotel?,Christopher Nolan,Ron Perkins,The Prestige (film),1,1284,1,1284,partial,,True,False,False,True,False,False,True,False,False,True,False,False,True,False,False,hpdev:a6434992ed1a3e18cb01 | hpdev:ec50ca069ea74131c59d | hpdev:0e33753b52a8a0a531c6 | hpdev:f0e24f73d2ea5d056115 | hpdev:e6ff5068efe7601abf1f | hpdev:467840603ad145e0e792 | hpdev:102f99ea5aca1d9ec461 | hpdev:1e30001962aa732e9e84 | hpdev:fc22de5bdbc87ce9e659 | hpdev:274416dcd8e57ebdfd30,Ron Perkins | Kedi (2006 film) | Night Shift (film) | Puritan Passions | The Trial (1962 film) | Inland Empire (film) | Ghostkeeper | Off Limits (1953 film) | Spiral (1978 film) | Hitch (film)
5adfde09554299025d62a369," Robert Lewis ""Bob"" Pruett coached many high-profile National Football League players, including a wide reciver that holds what 2007 NFL record?",single-season touchdown reception,Randy Moss,Bob Pruett,2,1,1,2,complete,,False,True,False,True,True,True,True,True,True,True,True,True,True,True,True,hpdev:44276b48b637a0f0e277 | hpdev:b494baf0be1c59677924 | hpdev:2f521747bdec692c0fff | hpdev:430408287c66bf8e4dbe | hpdev:f7355790eb4ea78b0159 | hpdev:1f2a91807b4a7bf6c88f | hpdev:d945c8d7e8c59dddeab4 | hpdev:1f4526325e2b16cb259f | hpdev:5e7904548bf70ee5a2f8 | hpdev:06f68ab5afe86b68ad4a,Bob Pruett | Randy Moss | Todd Kinchen | Greg Olsen (American football) | Joe Gibbs | NFL Players Inc. | Otto Graham | Osi Umenyiora | Christian McCaffrey | Bob Adams (American football)
5a713f3c5542994082a3e6eb,Where does the train that runs from NYC and Miami station at in Florida?,Jacksonville station,Jacksonville station,Silver Meteor,21,12,12,21,failed,,False,False,False,False,False,False,False,False,False,False,False,False,False,True,False,hpdev:7f1bedfe99ca63e1a331 | hpdev:f11e61f443092b57cc2d | hpdev:bc3a69dabf13b0806e2f | hpdev:1c58208be45fa2a30e7d | hpdev:ef12cd7f6aed47f85173 | hpdev:4117b998b298ddde010d | hpdev:790891b033b7533e301d | hpdev:8dab6090ddc5768bf4ae | hpdev:33963fabf35c4f03e130 | hpdev:a08e99975b0fde44eb8d,Lakeland station | Miami station (Amtrak) | Silver Star (Amtrak train) | Casey Jr. Splash 'n' Soak Station | Chapman Field (Miami) | South Miami station | Avedøre | Silom Line | Indian Creek (Miami Beach) | Huis Ten Bosch (train)
5a81ea115542995ce29dcc78,"The compilation EP ""COM LAG "" by Radiohead collects many B-side singles from their album released in the UK by what record company?",Parlophone Records,COM LAG (2plus2isfive),Hail to the Thief,1,929,1,929,partial,,True,False,False,True,False,False,True,False,False,True,False,False,True,False,False,hpdev:e0330253f00384fa30ab | hpdev:b342157b4bb53b9f1af1 | hpdev:3cf0815f9ca6fe1fcf07 | hpdev:2ce42eba4be4d8f105ce | hpdev:a03a4fa857bb195c1bc1 | hpdev:29d8db15a8f05ffdb1a0 | hpdev:620c86d72df76573fbd2 | hpdev:c0075382e27adbe82f06 | hpdev:a576877cabbad000eb37 | hpdev:e4532e778bcbd627d27d,COM LAG (2plus2isfive) | Crucial! Roots Classics | Barbed Wire Kisses | The Ultimate Master P | B*Witched discography | Casino Classics | The Verve E.P. | See All Her Faces | Complete Set Limited Box | Ooooooweeee!!!
5ae1925a554299492dc91b48,Which Victorian poet was born in a 15th-century castle home to the Earl of Southesk?,Charlotte Carnegie,Lady Charlotte Elliot,"Kinnaird Castle, Brechin",5,1,1,5,complete,,False,True,False,False,True,False,True,True,True,True,True,True,True,True,True,hpdev:93978beadc3bb07458d2 | hpdev:839e89fbcf1e476a4ded | hpdev:971f71adca3a556d0d89 | hpdev:01fa1f6e0a18b137c139 | hpdev:ab6aebc65f9353281683 | hpdev:fb7b8744c8a1b0bb2d48 | hpdev:dd927189eff556de7f5e | hpdev:d0001a8caa65d4d6be57 | hpdev:933d969118e4fbf5611f | hpdev:483144168564407ea103,"Kinnaird Castle, Brechin | Dundas Castle | Crayke Castle | Megginch Castle | Lady Charlotte Elliot | Cardiff Castle | Fra Lippo Lippi (poem) | Auchindoun Castle | Kilmory Castle, Bute | Castle Sinclair Girnigoe"
5ac02880554299012d1db5c0,"In which year did this Russian actress  who produced and performed in the 1922 American silent drama film ""A Doll's House"" immigrate to the United States?",1905,A Doll's House (1922 film),Alla Nazimova,1,29,1,29,partial,,True,False,False,True,False,False,True,False,False,True,False,False,True,False,False,hpdev:da1b813b577ae6dcb161 | hpdev:541f33c123d0424d1388 | hpdev:3f0de7a9c634f1d984cd | hpdev:0425cf84b4be664c1f48 | hpdev:37c9a2acc8363b366291 | hpdev:d9cf753f569d98ed8372 | hpdev:1eefbcafef0cb3bca389 | hpdev:f4e4edc52e089783ce06 | hpdev:38a883fcd43b4a0d8388 | hpdev:4d4f046b76159dccf565,A Doll's House (1922 film) | Outcast (1922 film) | The Man Who Played God (1922 film) | The Law and the Woman | Shannon Day | Fultah Fisher's Boarding House | Bought and Paid For | On the Broad Stairway | The Trap (1913 film) | The Diamond Crown
5a74a8fa55429929fddd8497,"After his curacy at the village that is a suburb of Scunthorpe, who was Industrial Chaplain to the Bishop of Lincoln?",Dudman,"Frodingham, Lincolnshire",Bill Dudman,10,3,3,10,complete,,False,False,False,False,False,False,False,True,False,True,True,True,True,True,True,hpdev:c6de50bf1466b18461e7 | hpdev:c4a986461bd0df048588 | hpdev:20b16229bf0044372d98 | hpdev:065f2f7cad11e7a39a87 | hpdev:9d1eace0809d0b64c602 | hpdev:faa4085a9e12249e1825 | hpdev:c3199c9210bdfee1407b | hpdev:e7e4a9c7a5c1cd876766 | hpdev:4aaa607431cb1b164088 | hpdev:c8078454662c8d8782a5,"William Everingham | Ernest Holmes (priest) | Bill Dudman | Randolph Wise | Philip Huggins | John Gathercole | Alfred Hurley | Ernest Newman (priest) | Harold Buxton | Frodingham, Lincolnshire"
5a7f84225542994857a76756,The Pappas house is the largest of the Usonian Automatics built after a house located in what village?,Amberley Village,Gerald B. and Beverley Tonkens House,Theodore A. Pappas House,20,1,1,20,partial,,False,True,False,False,True,False,False,True,False,False,True,False,True,True,True,hpdev:6735453a68a50a5ae043 | hpdev:20e00a033ab91f700bec | hpdev:08712f496e0aee6293e1 | hpdev:10ad6675c32ae78bea87 | hpdev:75376ce986421aa38499 | hpdev:833418398b293516cf19 | hpdev:56175d9ea8e5b1884f0b | hpdev:a5ff390eaf369d2c7923 | hpdev:50d33d705eb63dea78f1 | hpdev:62d9acf19845c6c4167d,Theodore A. Pappas House | Lloyd Lewis House | Hause House | Robert H. Sunday House | Paul J. and Ida Trier House | John and Syd Dobkins House | Gildersleeve House | A. H. Bulbulian Residence | New Marlborough Village | Bellport Village Historic District
5a8baf635542996e8ac889c6,"What is the current capital of the district that Michael ""Mike"" Campbell is from?",Harare,Mike Campbell (farmer),Rhodesia,1,1315,1,1315,partial,,True,False,False,True,False,False,True,False,False,True,False,False,True,False,False,hpdev:2acc5c98fa0f07820816 | hpdev:b608d555555e6b626e51 | hpdev:65340edb825a7e0a2915 | hpdev:77ffc076190ff1008c66 | hpdev:2298408c9c1c25704bdb | hpdev:f175941a817a00e77a47 | hpdev:8290874d6c24d95a1135 | hpdev:79eb4646049c06c12407 | hpdev:dbacfc9982a491ae0620 | hpdev:49280370ae61470cf436,"Mike Campbell (farmer) | Michael A. Ramos | Texas's 11th congressional district | Capital of Wales | Mike Conaway | Gregory Campbell (ice hockey) | Klang (city) | Campbell Fighting Camels football | Citizens' Action Party presidential primary, 2017 | Mike Beard (politician)"
5a7502345542993748c89795,What African country is bordered by Libya and the Sudan and is known for the Dar Sila region?,Chad,Chad,Sila Region,6,5,5,6,complete,,False,False,False,False,False,False,False,True,False,True,True,True,True,True,True,hpdev:08e89cc5c32df39ce74d | hpdev:4f36522574cc554d20e5 | hpdev:eb2230485d2da72ff135 | hpdev:47f1572551c2ff87810b | hpdev:ae8feb61034117642547 | hpdev:2dec26043f679fdd6bb0 | hpdev:074f1aa06a98540467df | hpdev:47fe0d2e6dddb35585d8 | hpdev:2ad64e6ad332fa4bc22f | hpdev:2519d036c2f0c86e47dd,"Adé, Chad | Dar Sila | Sudan | Sila language (Chad) | Sila Region | Chad | Sila Department | Dār Fertit | Koukou Angarana | Goz Beïda"
5ae4890a5542995ad6573d60,In what field does the firm at which Claudio Fernández-Aráoz was a currently a senior adviser offers services?,"Executive Search, Board Consulting",Claudio Fernández-Aráoz,Egon Zehnder,1,3,1,3,complete,,True,False,False,True,False,False,True,True,True,True,True,True,True,True,True,hpdev:8f41f57950fc1a176752 | hpdev:41e55516c0acb452ddc0 | hpdev:362a76c90b0a86b3a413 | hpdev:796edb6b3585d1d7a993 | hpdev:63da0409d17d76c0e5be | hpdev:9059ac774d8400fd373b | hpdev:608125924b9dc543af21 | hpdev:c80aa612b7eb97597d0e | hpdev:6fb8fb7c1e475e4fa1b9 | hpdev:e90ae42bd90bf06062d5,Claudio Fernández-Aráoz | Lee Terry | Egon Zehnder | Thomas Shea | T. Rowe Price | Guggenheim Partners | Shomwa Shamapande | John Beddington | Richard Socarides | Yousef Pashtun
5ab6c47e55429954757d3368,Adam Fox was one of the first members of an informal literary discussion group associated with what University?,"University of Oxford, England",Inklings,Adam Fox,1,2,1,2,complete,,True,False,False,True,True,True,True,True,True,True,True,True,True,True,True,hpdev:caed9381e196dcb23122 | hpdev:64d6e2da2f22c1b23d5b | hpdev:d2bf1d7ce17a7c7beb70 | hpdev:b75d0f24cde18e7cddb3 | hpdev:5ed8322a81a863c4abea | hpdev:49c2374bcf58ba71b42c | hpdev:17be20332cc1147327b8 | hpdev:b56fc56efab17f952e67 | hpdev:ab1853390142953eab98 | hpdev:c5108688b9e3b408a615,Inklings | Adam Fox | Colin Hardie | Eagle Street College | Roger Lancelyn Green | Litbits | Charles Leslie Wrenn | Nikolay Speshnev | Petrashevsky Circle | Karl Wilhelm Friedrich Schlegel
5a7cb9985542990527d55514,Johnnie Casson appeared on which ex-professional footballer's British television show?,Des O'Connor,Des O'Connor,Johnnie Casson,1807,1,1,1807,partial,,False,True,False,False,True,False,False,True,False,False,True,False,False,True,False,hpdev:ddebed1fc7d1a176382f | hpdev:d7aa82f27152f1f8a84b | hpdev:3e0fe11725a520ada4e1 | hpdev:2681d634af7c2a53eef3 | hpdev:255d8468e88e803415af | hpdev:77a7f1ae6b458b9b3483 | hpdev:7127ba225dcf08b89233 | hpdev:5a00fca1b63e7dd7483f | hpdev:a93ae068820fe79847be | hpdev:cd613fc27e6aba1a1354,Johnnie Casson | Shep's Banjo Boys | Act Your Age (radio series) | Fash FC | Johnnie Hamp | The Paul Hogan Show | The Comedians (1971 TV series) | On the Ball (ITV television show) | Metal Mickey | John Safran vs God
5ae39e9c5542990afbd1e195,"Wangaratta Wahine, an album featuring the work of an Australian Living Treasure, was recorded by what band?",The Captain Matchbox Whoopee Band,Michael Leunig,Wangaratta Wahine,6,1,1,6,complete,,False,True,False,False,True,False,False,True,False,True,True,True,True,True,True,hpdev:8abeba871aee89215670 | hpdev:98c72281bbccc9832074 | hpdev:66c5e2ad30fc7834d772 | hpdev:052fb710b306eeaa6f6c | hpdev:e70430da2680d9de82e6 | hpdev:a81485b63469215bddc3 | hpdev:44fa9e8182b736b56840 | hpdev:b36a0861b21c5cdbe2bc | hpdev:5400095801ed0a6efd84 | hpdev:ab120347562d6cd98c2d,Wangaratta Wahine | Mavis Taylor | Treasure (Cocteau Twins album) | Peter Gifford | Lonerism | Michael Leunig | What Lovers Do | Still Hangin' 'Round | Bart Cummings | Mr Soul of Jamaica
5ab8723c55429934fafe6dbc,The 2013–14 Phoenix Suns season brought back a player who now plays for what team?,Houston Rockets,2013–14 Phoenix Suns season,P. J. Tucker,3,5655,3,5655,partial,,False,False,False,False,False,False,True,False,False,True,False,False,True,False,False,hpdev:ce4ebbceb4a5eb2806d5 | hpdev:f087403b399a625cc60f | hpdev:71c823da1b74e8118e81 | hpdev:2cc13d39dbca1b4fc713 | hpdev:03bfe9b0d3c118273379 | hpdev:794f81fbb460b1aa2214 | hpdev:2e72f2b8c39c2f93d9e5 | hpdev:967ecbf2a147421d9131 | hpdev:3e499f05d7cf57b976b3 | hpdev:cb1b7f35dc862bc411a6,1986–87 Phoenix Suns season | 1979–80 Phoenix Suns season | 2013–14 Phoenix Suns season | 1992–93 Phoenix Suns season | 2010–11 Phoenix Suns season | 1988–89 Phoenix Suns season | 1984–85 Phoenix Suns season | 1996–97 Phoenix Suns season | 1980–81 Phoenix Suns season | 1981–82 Phoenix Suns season
5a7cd8da55429909bec76845,Which The Wind's Twelve Quarters story depicts a summer festival in the utopian city of Omelas?,The Ones Who Walk Away from Omelas,The Ones Who Walk Away from Omelas,The Wind's Twelve Quarters,1,2,1,2,complete,,True,False,False,True,True,True,True,True,True,True,True,True,True,True,True,hpdev:d622c4050cc5e44149e5 | hpdev:8ecce804fa68b26b7a8c | hpdev:bf276385dd9c0990ac52 | hpdev:64761cf4645c41724618 | hpdev:b6a603c40cf3bd62688d | hpdev:d7f9400ec410cfaaec85 | hpdev:e8b894fdaad7185078f6 | hpdev:3f75baee390588c38144 | hpdev:c2d1d2deb19dacb96e6f | hpdev:8b25559b566aa090e76f,The Ones Who Walk Away from Omelas | The Wind's Twelve Quarters | The Word of Unbinding | Earthsea | Earthsea (universe) | The Rule of Names | Love Story 2050 | Zuqaq al-Blat | Nine Lives (novelette) | Twelve Oaks
5abf1e825542997ec76fd3cb,In which year did Baek Bong-ki appear in the South Korean drama film set in a high school?,2004,Once Upon a Time in High School,Baek Bong-ki,2,1,1,2,complete,,False,True,False,True,True,True,True,True,True,True,True,True,True,True,True,hpdev:a1bc847b9e1c47e639fa | hpdev:bcba79318b6157fa906f | hpdev:f6ab7c391c7e8c286c29 | hpdev:8e5ffc7e9499c96ef4fd | hpdev:51b6578795f35ffc1387 | hpdev:b35d471290dc1b7915c8 | hpdev:142d738217ba5996628d | hpdev:d927ad1189600d6eb9b7 | hpdev:1c7fc105a72a48bb273c | hpdev:ea1e9f5cb6620659ea87,Baek Bong-ki | Once Upon a Time in High School | Baek Min-hyun | Ad Genius Lee Tae-baek | Dead Friend | One Day (2017 film) | Baek Jong-won's Food Truck | Shin Hyun-joon (actor) | Back Su-yeon | Barking Dogs Never Bite
5a80abd15542996402f6a5e0,Jing Tian was known for her role in a movie directed by who?,Ding Sheng,Police Story 2013,Jing Tian,1543,1,1,1543,partial,,False,True,False,False,True,False,False,True,False,False,True,False,False,True,False,hpdev:544f88b64798ac37fe3b | hpdev:05392c2d0a1177bcc800 | hpdev:f9f1733e0a9c12b8a779 | hpdev:b8b8d112fc9a3051ce5b | hpdev:9dc3290c4238ebec1b3f | hpdev:ed78f93b60ff4e0e6380 | hpdev:14ce89e95a776a2e2185 | hpdev:b88b7de29b8ccae86ef2 | hpdev:0c1eba794c7ca19db8cb | hpdev:44e98fc406eab7a7181e,Jing Tian | From Vegas to Macau | Fist &amp; Faith | Ultra Reinforcement | Better and Better (film) | The Great Wall (film) | Pacific Rim: Uprising | Lauren Frost | The Conman | Kong: Skull Island
5a7a5ec855429941d65f25e4,What is the river that Sangin is found in the valley of the primary watershed for?,Sistan Basin,Sangin,Helmand River,1,5,1,5,complete,,True,False,False,True,False,False,True,True,True,True,True,True,True,True,True,hpdev:38128d02286b1ad1269b | hpdev:1bcd5072c2566485a696 | hpdev:5e2b79d0a588a2739617 | hpdev:c46b9959d54d3fa0c8f9 | hpdev:a4a3bfb1492e5597bb59 | hpdev:9d6c07a1c96aebd13ecc | hpdev:522f20b94b8abc06ade5 | hpdev:c774bc8913b25dbcfd97 | hpdev:42a2192bbf24568b932c | hpdev:9a5dc4afc2386a34d765,Sangin | Rideau Valley Conservation Authority | Dye Creek | Drangiana | Helmand River | Milliken Creek (California) | Baganga Protected Landscape | Cañada del Oro | Amargosa River pupfish | Sonoma Creek
5a79e1275542990198eaefe7,The 19 high-rise commercial buildings covering 22 acres between 48th and 51st Streets in New York City feature which style of architecture?,The Art Deco style,Rockefeller Center,Art Deco in the United States,1,12,1,12,partial,,True,False,False,True,False,False,True,False,False,True,False,False,True,True,True,hpdev:c6112c0812a79363f748 | hpdev:8f18b1f919627b13b39a | hpdev:bfbd1549a297f4c26cf7 | hpdev:bdb263486ac4a0874636 | hpdev:d2a18c7f71a21687a471 | hpdev:a4b9a999804506af6b20 | hpdev:766547135158e59afed7 | hpdev:42ca8f0694f76925b7b0 | hpdev:087d64f7df066276fc4e | hpdev:c4798966e9d2add8cc5e,Rockefeller Center | 90-94 Maiden Lane Building | 655 Park Avenue | St. Patrick's Cathedral (Manhattan) | 277 Park Avenue | Centralia Commercial Historic District | Main Mall Row | Adam Clayton Powell Jr. State Office Building | 23 Beekman Place | New York City: the 51st State
5a85e5345542991dd0999ebb,Which mechanical device which engages and disengages power transmission  uses brake fluid?,hydraulic clutch,Clutch,Brake fluid,1,7,1,7,complete,,True,False,False,True,False,False,True,False,False,True,True,True,True,True,True,hpdev:c278be9e224723ac9008 | hpdev:11c92a6964045aeaaf17 | hpdev:cd7ddd511c5eb7a8e30f | hpdev:d7a8ebe652bbdc051006 | hpdev:4c9f0a0613cc325ab9b2 | hpdev:4b378c37a10e0b6f0e69 | hpdev:f27c49468a54ec6dbe24 | hpdev:6ce17901316ba409451e | hpdev:c8daf09e80a8b11ba2bc | hpdev:028262a21f3d435ec51b,Clutch | Pneumatics automation | Hydraulic brake | Brake bleeding | Heat exchanger | Winch | Brake fluid | G56 manual transmission | GM Roto Hydramatic transmission | Polyphase system
5ab88c075542991b5579efbe,"Which ""The Chronicles of Narnia"" character is prominently featured in ""The Lion, the Witch and the Wardrobe"" and is a close friend with Lucy Pevensie whom she meets in the Lantern Waste.",Mr. Tumnus,Mr. Tumnus,Lantern Waste,1,3,1,3,complete,,True,False,False,True,False,False,True,True,True,True,True,True,True,True,True,hpdev:5c30ea550d2776025b71 | hpdev:b8aaae4103d662410ed4 | hpdev:941493ef12e5a89e86b8 | hpdev:4b11a5ae76c810c1c4cb | hpdev:a79fa950657d4a8bfffe | hpdev:9090ff107d99223963b8 | hpdev:bd149e6e36c3c552a5f0 | hpdev:5d0433194a1c1e57b0ca | hpdev:33a1a794e3f0cf051e2d | hpdev:ec4036bbe19d67046253,Mr. Tumnus | Lucy Pevensie | Lantern Waste | Edmund Pevensie | Sophie Wilcox | White Witch | Susan Pevensie | Lucy Barfield | The Chronicles of Narnia (TV serial) | Georgie Henley
5ae70369554299572ea54683,George Molnar was born in a constitutional union of the Austrian Empire and the Kingdom of Hungary that existed from 1867 until when?,1918,George Molnar,Austria-Hungary,9,3,3,9,complete,,False,False,False,False,False,False,False,True,False,True,True,True,True,True,True,hpdev:92ae876eaeab5a3dac02 | hpdev:5101cd254e93924b081a | hpdev:bf2b268a99540acd6181 | hpdev:86e0883be37bd2fff66d | hpdev:d54e348dcedc387d1a5a | hpdev:a58dd1bb566fd20d869c | hpdev:aead023858f15d4d02db | hpdev:bab3fa164dd46ebf17af | hpdev:9424169464897b437fb8 | hpdev:cafaedb8aa5ccebcb99f,List of World War I flying aces from Hungary | List of World War I flying aces from Austria | Austria-Hungary | List of World War I Slovak flying aces | House of Lords (Austria) | Austrian Empire | Kingdom of Dalmatia | Diet of Galicia and Lodomeria | George Molnar | Principality of Transylvania (1711–1867)
5a7c6753554299683c1c62f9,What South Korean girl group formed by S.M. Entertainment recorded the Korean language song Lion Heart?,Girls' Generation,Girls' Generation,Lion Heart (album),14,2,2,14,partial,,False,False,False,False,True,False,False,True,False,False,True,False,True,True,True,hpdev:931bdeec7cf7f0809f2d | hpdev:d561339403277ae98e67 | hpdev:ae835325b1206e8407ba | hpdev:4095fe37f21d775b404b | hpdev:a442eeaefaed27670c4a | hpdev:8bbed997143d53adc976 | hpdev:136e4fb850a9a6377194 | hpdev:cccabc9ac0ccf481edb4 | hpdev:3375a39e78c9f686bfd3 | hpdev:7fba7f601339d0fe9c8e,Lion Heart (song) | Lion Heart (album) | You Think | I Got a Boy (song) | Party (Girls' Generation song) | Rain (Taeyeon song) | The Boys (Girls' Generation song) | C-REAL (South Korean band) | We're with You | Catch Me If You Can (Girls' Generation song)
5abd0296554299114383a1d1,Douglas D. Scott is an American archaeologist most notable for his work at the site of a battle that occurred in what year?,1876,Little Bighorn Battlefield National Monument,Douglas D. Scott,687,1,1,687,partial,,False,True,False,False,True,False,False,True,False,False,True,False,False,True,False,hpdev:077ef304bec1e8a660d6 | hpdev:1c8376948c86808b5ca5 | hpdev:94b543be36296988dfae | hpdev:789ddc298afd18e5fe15 | hpdev:64562e90a83f3ea73095 | hpdev:89abe4449b58cb91447c | hpdev:d5b5522c94c862291ac7 | hpdev:4a3a7b47b02bb77f7629 | hpdev:fbb2e0bf8ba6c0f34fda | hpdev:2e5cd806c33e947bf4bb,Douglas D. Scott | David M. Pendergast | Steven Collins (archaeologist) | Sword of God (novel) | Dee Ann Story | Ananda Mohan Chakrabarty | Tom Everett Scott | Tommy Atkins (director) | Bonampak | Lewis H. Larson
5ac2efd65542990b17b154c7,"What season of the Indian reality TV series ""Big Boss"" did the model Lopamundra Raut compete in?",the tenth season,Lopamudra Raut,Bigg Boss 10,5,9,5,9,complete,,False,False,False,False,False,False,True,False,False,True,True,True,True,True,True,hpdev:50ce8e95a41248215bac | hpdev:982acb1b3b8cd25c169d | hpdev:12cf6e69d8cfa8811861 | hpdev:c0d5161c11eaca2411ac | hpdev:7d0a757d0855d19715ff | hpdev:45996a64dba970cca186 | hpdev:4b59ed032aaacca6ae59 | hpdev:41446c10aee456d4fdf5 | hpdev:948d6848f28cdd26b395 | hpdev:256bcfcf2731225217b5,Bigg Boss 9 | Bigg Boss 6 | Bigg Boss 1 | Bigg Boss 11 | Lopamudra Raut | Bigg Boss 7 | Bigg Boss 4 | Bigg Boss Kannada | Bigg Boss 10 | Juhi Parmar
5ac113e2554299294b21909a,Who wrote the lyrics for Linda Eder's Broadway debut?,"Wildhorn, Bricusse and Cuden",Jekyll &amp; Hyde (musical),Linda Eder,25,1,1,25,partial,,False,True,False,False,True,False,False,True,False,False,True,False,False,True,False,hpdev:7fb3cab876a997024e13 | hpdev:f27ebdafbb8505ffd4fc | hpdev:9e1c0152ad0912074d9a | hpdev:2679016de8fe1a82855c | hpdev:6cb2b861d23266e759c9 | hpdev:c767a8a6cbba37a060de | hpdev:6afae04b961e629b6b3c | hpdev:030a16cac17da6c4cb1a | hpdev:8b5d967db202095d6eef | hpdev:91806ac842c3508095bc,Linda Eder | In His Eyes | Bill Grainer | Rebecca Spencer (singer) | Inside America | Cobb Energy Performing Arts Centre | Linda Woolverton | Cabinet Battle | You'll Be Back | Yellow (Coldplay song)
5ab7268b5542992aa3b8c7b1,Heath Ledger Australian actor was in the movie Brokeback Mountain directed by who?,Ang Lee,Brokeback Mountain,Heath Ledger,2,1,1,2,complete,,False,True,False,True,True,True,True,True,True,True,True,True,True,True,True,hpdev:411f5b93f5fc3d8c2441 | hpdev:33b329aa8fea36e4a4cf | hpdev:edbc3ecdded28f5fad0b | hpdev:74e0a3482535be9699b2 | hpdev:6b918c5f429c71b5772c | hpdev:0f3dc684007e89d2ea99 | hpdev:9aa1934acb78c603e6fd | hpdev:0114d74cb79b8244ad17 | hpdev:5b4f7913d95273b5bd94 | hpdev:83a497977253672f4683,Heath Ledger | Brokeback Mountain | Ennis Del Mar | List of accolades received by Brokeback Mountain | State Theatre Centre of Western Australia | The Joker (The Dark Knight) | The Order (2003 film) | Jared Daperis | Peter Finch | Melissa Thomas
5abdc18555429965af743e2b,"What is the name of the second largest car rental company, that also has another low cost car rental company it oversees?",Hertz,The Hertz Corporation,Firefly (car rental),4,2,2,4,complete,,False,False,False,False,True,False,True,True,True,True,True,True,True,True,True,hpdev:bcb6bbdb2d38233d8983 | hpdev:56846441dd1202584c21 | hpdev:4bcf06e50fc2eded7bef | hpdev:a85d242635271b5a62be | hpdev:c16c5fde4c694bd5c287 | hpdev:74c5961e76fce55df1ce | hpdev:8ef7f8a2ef07e7083eac | hpdev:e2a7721f6c1122c29249 | hpdev:035e3dd0b7cc816dfd74 | hpdev:4356caf0d0c594189ef9,Enterprise Rent-A-Car | Firefly (car rental) | Enterprise Holdings | The Hertz Corporation | Irish Car Rentals | Sixt | Localiza | Whizzgo | Avis Budget Group | Payless Car Rental
5ab5cd0d554299488d4d9a30,The not-for-profit company which owns a Mark VI monorail was assisted in bond financing by whom?,The State of Nevada,Mark VI monorail,Las Vegas Monorail,2,1,1,2,complete,,False,True,False,True,True,True,True,True,True,True,True,True,True,True,True,hpdev:bad612455dadce1924aa | hpdev:2b177b2fd591dc6c3910 | hpdev:99916520e32b2a351db1 | hpdev:a4ca672cabdebb9e8e74 | hpdev:afd2deaf06fdf8ea1b20 | hpdev:924ad156d55153376913 | hpdev:0a40b88e4ba32b968780 | hpdev:40dd203b9bc5ed3cc3e5 | hpdev:6930c8cdf50f4855dd04 | hpdev:1a3f4f23df06986a3887,Las Vegas Monorail | Mark VI monorail | Walt Disney World Monorail System | Mark IV monorail | Lincoln Continental Mark VI | Moscow Monorail | Chicago Public Media | Guidance Residential | Initiative for Interstellar Studies | Lotus Mark VI
5a81ee385542995ce29dcc88,Lt Col. Stewart Francis Newcombe was a British army officer and associate of a military officerthat was given what title?,Lawrence of Arabia,T. E. Lawrence,S. F. Newcombe,64,1,1,64,partial,,False,True,False,False,True,False,False,True,False,False,True,False,False,True,False,hpdev:5ab8253606877b3fa599 | hpdev:3de94a1381d88b62ee3e | hpdev:74b6af706f0ea5e6f517 | hpdev:fa255e68ac7e16373cc2 | hpdev:8dad29dee48a4f232144 | hpdev:593c9035d1c28bfaa759 | hpdev:3da680d756aee1e0e47f | hpdev:4429cd9d069aa6b4b940 | hpdev:8c56bfd906ca798c5bf7 | hpdev:d386bcf1c3782420228e,S. F. Newcombe | David Robertson MacDonald | Mimy Matimbe | Russell Young (tennis) | Megh Singh | 24th Cavalry (Frontier Force) | J. P. Cross | Francis Leighton (British Army officer) | Masahiko Takeshita | Janak Singh
5a73354f5542991f9a20c687,Thomas Henry Moray Followed work down on nuclear batteries in 1912 by this English physicist?,Henry Moseley,Thomas Henry Moray,Henry Moseley,1,11,1,11,partial,,True,False,False,True,False,False,True,False,False,True,False,False,True,True,True,hpdev:0fd829720840ebbb5a71 | hpdev:2c7b4df5c003ef958730 | hpdev:16e4ded1fe01fb944549 | hpdev:a53c166a59e210d66c33 | hpdev:aca4311b66e9c2816bf2 | hpdev:aa6979b27430a80136fe | hpdev:8d288c1accda53243a97 | hpdev:9cdbc24f3b9764bb830e | hpdev:7f1d17a713d65e6457ae | hpdev:238798c85c6b4d298637,Thomas Henry Moray | Thomas Henry Havelock | Charles Drummond Ellis | Henry DeWolf Smyth | Thomas Henry (illustrator) | Chien-Shiung Wu | Hans Bethe | Konrad Bleuler | Enrico Fermi | Lise Meitner
5ae5a4e5554299546bf82f01,"Which writer of ""Rewrite This Story"" are an American songwriting duo and composing team for musical theater, films, and television?",Pasek and Paul,Rewrite This Story,Pasek and Paul,2,1,1,2,complete,,False,True,False,True,True,True,True,True,True,True,True,True,True,True,True,hpdev:63a082feca4cbd28a5da | hpdev:756d3cbbf682d72c7126 | hpdev:aeeecd4b94a6dc3d5c09 | hpdev:545f5df6b9652065a1ed | hpdev:10ebe47c4771c3e986bd | hpdev:a0904f121488c6890bfc | hpdev:1512649f40429f1c0077 | hpdev:b021eb8f2967e9cac4f7 | hpdev:2d74048da1f39f6c0ffe | hpdev:cbad414445ccf12a5256,Pasek and Paul | Rewrite This Story | Carner and Gregor | Rock City (duo) | Sherman Brothers | Livingston &amp; Evans | Miles Doleac | Selda and Derek | Marian Hill | Robert B. Sherman
5ab808b85542991d3222380d,Umi-a-Liloa inherited authority of a kind which is a belief in what?,belief in many deities and spirits,Hawaiian religion,Umi-a-Liloa,28,1,1,28,partial,,False,True,False,False,True,False,False,True,False,False,True,False,False,True,False,hpdev:305d9064e341f344a25f | hpdev:e9b007838c342adbac80 | hpdev:8ae4194e20270c0e3139 | hpdev:0848ee21eda8b1cc02eb | hpdev:b8806f00e7d534822a02 | hpdev:b47e40c354a49946139a | hpdev:b8f28f1c2027570ea1fe | hpdev:59285ebd3f123a0aaa7d | hpdev:27604c8f6d9fbd4bdd77 | hpdev:b33370c5b8e1c9a52aa1,Umi-a-Liloa | Cognitive authority | Al-Jafr (book) | Faith and rationality | Cadet branch | Momolianism | Evolutionism | Biblical authority | Leprosy stigma | North East Combined Authority
5ac2768d5542990b17b153a8,When was the composer who created Peter Schmoll und seine Nachbarn born?,19 November 1786,Peter Schmoll und seine Nachbarn,Carl Maria von Weber,1,1278,1,1278,partial,,True,False,False,True,False,False,True,False,False,True,False,False,True,False,False,hpdev:956a50a0a74f4e007232 | hpdev:31ed32076f8c2329cc0e | hpdev:70bf514d4722e4b57c5e | hpdev:c587f04e65a982d316e2 | hpdev:df4928b669544b43cf33 | hpdev:afc971bded367ba4612c | hpdev:68bfe617f586d1e52aaf | hpdev:2305e549ad4cad366c51 | hpdev:ae332607dbc7097eb8dc | hpdev:acb581d4ff4eb9f988bc,"Peter Schmoll und seine Nachbarn | Captain Cook und seine singenden Saxophone | Wilbur Wright und seine Flugmaschine (film) | Planica, Planica | Avsenik Brothers Ensemble | Roderich von Erckert | Alfred Woltmann | Peter Marc Jacobson | Jokes and Their Relation to the Unconscious | Villa Aurora"
5adcc3ed5542994d58a2f6c4,"What group did Carlene LeFevre and Rich LeFevre form in Brooklyn, New York City?","the ""First Family of Competitive Eating""",Carlene LeFevre,Nathan's Hot Dog Eating Contest,1,77,1,77,partial,,True,False,False,True,False,False,True,False,False,True,False,False,True,False,False,hpdev:d9515d2f88f197eb0a45 | hpdev:5c3b9f1546902db022de | hpdev:dc6a1d8bc28a4ad9a1ec | hpdev:b5df6c11f1b77f2c4936 | hpdev:9798dcf2c148338ea05a | hpdev:e90d34a7e1f31ad5373d | hpdev:2d3cdce449496d5507e6 | hpdev:348de3b9cbe5f5faccbf | hpdev:944956633dba2b98e09c | hpdev:cd31af289db18c9bde96,"Carlene LeFevre | Rich LeFevre | 9 DeKalb Avenue | Aurelio Valle | Downtown Brooklyn Cultural District | Fort Greene, Brooklyn | Stetsasonic | New York City Fire Commissioner | Direct from Brooklyn | Sports in New York (state)"
5ae4a91d5542995ad6573e09,What movement was the the person referred to as Mumia part of?,black nationalism,Mumia (disambiguation),Mumia Abu-Jamal,1,4,1,4,complete,,True,False,False,True,False,False,True,True,True,True,True,True,True,True,True,hpdev:f97628c2584bd24d681f | hpdev:1a3090f15ea7aa6b456b | hpdev:a908a89248bc9f41afa2 | hpdev:1ec1ba1ce65187142c48 | hpdev:9d6dfe1e8f6f19f1159d | hpdev:0f540d3e12e3abb7c31d | hpdev:c3547379724b4201566b | hpdev:961078bc15214a57884d | hpdev:45d3a47fe53899d9ca34 | hpdev:151e58a831306903b282,Mumia (disambiguation) | Core stability | Ethical movement | Mumia Abu-Jamal | What the Water Gave Me (painting) | Nationality | Big Tent Revival | Social movement organization | Need for affiliation | They
5ab2a8b655429929539467ab,Name a musician that worked with Hiren Roy and Vilayat Khan.,Nikhil Banerjee,Vilayat Khan,Hiren Roy,2,1,1,2,complete,,False,True,False,True,True,True,True,True,True,True,True,True,True,True,True,hpdev:569440ccc61e09e8bfbe | hpdev:7a3fabcc7e4da0167a0e | hpdev:bbabff0e846a85c25a8b | hpdev:a8ebfe435b2cdfc4add2 | hpdev:9630e7088b9f9dfc61c4 | hpdev:43573f5ae3432ae89ec6 | hpdev:0039119a63711ad680ba | hpdev:63dd1912b5b7508c7785 | hpdev:a37903983277cd39ceaa | hpdev:2af98c41e6557ea1a634,Hiren Roy | Vilayat Khan | Anjan Chattopadhyay | Irshad Khan | Hiren Bhattacharyya | Imrat Khan | Enayat Khan | Roy Khan | Wajahat Khan | Nikhil Banerjee
5a74d7685542996c70cfae0a,"Who was the murderer sent to ""Old Smokey"" for allegedly commiting ""The Crime of the Century""?",Richard Hauptmann,Richard Hauptmann,Old Smokey,11,3,3,11,partial,,False,False,False,False,False,False,False,True,False,False,True,False,True,True,True,hpdev:0b2dbb909f42cab590b1 | hpdev:0b28d812ff44efe8006c | hpdev:390bbade786ee063981f | hpdev:3a789bd0c9fd4b48e320 | hpdev:6c77870810313e9650b1 | hpdev:454fc4688dffb4334bca | hpdev:6006de32bfa04d27af3c | hpdev:deb06070e902dcd0a195 | hpdev:5bdf4b4b0245a62b530c | hpdev:6945a3a7cf765466541e,Cordelia Botkin | Live in Old Smokey | Old Smokey | Lynn Turner (murderer) | Old Sparky | David Paul Hammer | John Skillern House | Young and Innocent | Go! (Common song) | On Top of Old Smoky
5a8dff3f5542995085b37370,In what field did a Swiss physicist who had a geometrical representation named after him work in?,quantum mechanics,Bloch sphere,Felix Bloch,1,35,1,35,partial,,True,False,False,True,False,False,True,False,False,True,False,False,True,False,False,hpdev:be8070a07735a68ae918 | hpdev:9cdbc24f3b9764bb830e | hpdev:7c209aeeed38c8f0b592 | hpdev:976c8ef3d1462dda96f8 | hpdev:3727651b16a54fc4a4df | hpdev:8072cdecb0df33f5ae13 | hpdev:0db4f31dba47b3d7826a | hpdev:6b92b54a837ed581ebfd | hpdev:48a9ffd52954aa43607a | hpdev:10652284af7ef3a3d070,Bloch sphere | Konrad Bleuler | Dieter Pohl | Harish-Chandra module | Paul Frédéric Culmann | William Henry Bragg | Circle of fifths | Nicolas Gisin | Tetractys | Patricia S. Cowings
5a890b895542995153361278,The first person to reach both poles named a glacier after which person? ,the daughter of Fridtjof Nansen.,Roald Amundsen,Liv Glacier,2,7,2,7,complete,,False,False,False,True,False,False,True,False,False,True,True,True,True,True,True,hpdev:9a27aae04a7bc9e58c6e | hpdev:6bb30f0e7a6c8d2a771e | hpdev:f7110ac664468b5e02fe | hpdev:1bc7f86e87d5189c5961 | hpdev:62e1a4dd2e35c5ec2aeb | hpdev:775784988c06be0fe043 | hpdev:53fb7910b0d761f576b9 | hpdev:1bb6fbc7f46a10d75407 | hpdev:4a65f45169df3fe652ad | hpdev:afe4efc2d99f25fec257,Oscar Wisting | Roald Amundsen | Glacier Ridge | Wilson Glacier (Mount Rainier) | J. Val Klump | Marchant Glacier | Liv Glacier | Drinov Peak | Rozier Glacier | Poles in Chicago
5a752fb75542993748c897df,"What pop band features an Argentine actress that appeared in the television series ""Chiquititas""?",Erreway,Luisana Lopilato,Sweet Baby (Erreway song),1,13,1,13,partial,,True,False,False,True,False,False,True,False,False,True,False,False,True,True,True,hpdev:49368b963388557a38c0 | hpdev:e0632aa4d4a3fbc2a682 | hpdev:5d6731171d1fec25b49e | hpdev:ca0af6903e11100571ce | hpdev:b281857e2e132ae2f12d | hpdev:eab3b2f581088f9b184b | hpdev:6324eb08ab7c38b8c9fb | hpdev:55cbb0c09b6a78041b5e | hpdev:7a2b1555aeffe5ce3e1e | hpdev:685b5195e2a3baf171e6,Luisana Lopilato | Celeste Cid | Nadia Di Cello | Marcela Kloosterboer | Milagros Flores | Claudia Albertario | Rincón de Luz (orphanage) | Camila Bordonaba | Mili Urién | Romina Yan
5ab6e848554299710c8d1faa,When was the advisor of Alpher–Bethe–Gamow paper died?,"August 19, 1968",George Gamow,Alpher–Bethe–Gamow paper,6,1,1,6,complete,A_merged_text_variants,False,True,False,False,True,False,False,True,False,True,True,True,True,True,True,hpdev:52e18f7e2b306e9d9177 | hpdev:360945ee2f6f85323042 | hpdev:acb1beb94cf97715dd17 | hpdev:88a26a67c1ce53fb9d11 | hpdev:8d288c1accda53243a97 | hpdev:02fa5b434766ced56374 | hpdev:a2f6fcd3e97faee3fade | hpdev:5a58437ac8d27f289686 | hpdev:9f446821a3cf1c2fd01a | hpdev:f2199ea4641a4405217f,Alpher–Bethe–Gamow paper | Ylem | Bethe–Salpeter equation | Semi-empirical mass formula | Hans Bethe | George Gamow | N. J. Rao | Berkeley High Jacket | Gilman Paper Company | Kate Gordon (energy analyst)
5ae690b055429908198fa622,Jamell Anderson plays for the basketball team from what city?,Ellesmere Port,Jamell Anderson,Cheshire Phoenix,1,165,1,165,partial,,True,False,False,True,False,False,True,False,False,True,False,False,True,False,False,hpdev:d6cde0eb50e36cfaf51a | hpdev:e2141068c7f0b77d6688 | hpdev:71a0c6e6962067e21e94 | hpdev:8fc62674ff4dffa9580d | hpdev:03c34ba7102dc89b0c06 | hpdev:8f74b94e005738586d42 | hpdev:bc7dd346bdcfbdec28c1 | hpdev:bfdea2875120e345507e | hpdev:d1ad0f1d239cfb102ad5 | hpdev:dfcd7634ff6b2e0f3dae,"Jamell Anderson | Central Missouri Mules basketball | Windy City Bulls | David Kool | San Beda Red Lions | John Anderson (footballer, born 1937) | Esporte Clube Pinheiros (basketball) | Missouri Tigers men's basketball | Talisca | Raptors 905"
5ae358c05542990afbd1e10f,Who sparked the 972 unrest in Lithuanian SSR?,Romas Kalanta,1972 unrest in Lithuania,Romas Kalanta,1,123,1,123,partial,,True,False,False,True,False,False,True,False,False,True,False,False,True,False,False,hpdev:a58a915f2c396e8e58d9 | hpdev:6efb8849982f1977a75a | hpdev:a4e8dc7c93204c5eeafa | hpdev:fc78a8d3e400605a667d | hpdev:958a62777817cbc855a7 | hpdev:26a3031f041d9145a890 | hpdev:290d9057c72fafa38f50 | hpdev:4d2de610cdd6abcec987 | hpdev:d83325522d746258d6f9 | hpdev:b34b4cd3d9f8c0ddd08e,"1972 unrest in Lithuania | Bronius Vyšniauskas | Lithuanian Academy of Sciences | Council of Ministers of the Lithuanian SSR | Sovetskaya Litva | Artūras Javtokas | Military occupations by the Soviet Union | Lithuanian Supreme Soviet election, 1990 | Byelorussian Soviet Socialist Republic | Supreme Soviet of the Lithuanian SSR"
5ab3dbd8554299233954ffd6,When did Peter Capaldi play the role of Mr. Curry in Paddington 2?,2017,Peter Capaldi,Paddington 2,1,2,1,2,complete,,True,False,False,True,True,True,True,True,True,True,True,True,True,True,True,hpdev:2ed945d9a201f44ff306 | hpdev:0c7158466c19c528143e | hpdev:50383da67b6b8b744d6f | hpdev:f8fef65050049e81f096 | hpdev:1206736d672a65aa2d6d | hpdev:ac16d7b8bbcd2324da78 | hpdev:02972b222a093da9e85f | hpdev:023c646e75cf8034e79b | hpdev:1321221ddcba9040a94d | hpdev:ef85df7c8e6b6ddfa8a3,Peter Capaldi | Paddington 2 | Paddington (film) | Ben Whishaw | Chorion (company) | Malcolm Tucker | From The Doctor to my son Thomas | Paddington Bear | Twelfth Doctor | Paddington (TV series)
5ae849cc5542997ec2727798,Graveraet River is a tributary of a lake that is shared between which US states ?,"Minnesota to the west, and Wisconsin and the Upper Peninsula of Michigan to the south",Graveraet River,Lake Superior,1,21,1,21,partial,,True,False,False,True,False,False,True,False,False,True,False,False,True,False,False,hpdev:aa66c35494f99f3a8759 | hpdev:0ea8cad06ea96f89fb03 | hpdev:d3398ce6db01c85ea5ba | hpdev:95dc353c797f73fd09a4 | hpdev:03ea7fadb51e0b274039 | hpdev:d4da7789e5e1ac8ac815 | hpdev:f48c10a465e2d96d4993 | hpdev:1957fd095f4ab0d76475 | hpdev:fd9d62817ad6f75b5697 | hpdev:001a7c6f70c6d8ea7221,Graveraet River | Great East Lake | Schoolcraft River | Portage River (Moose Horn River) | Bumping River | Genesee River | Swift River (Bearcamp River) | Dublin Pond | Columbia River | West Branch Lackawanna River
5ae35b6b5542990afbd1e116,Knockout song was from which album of Lil Wayne on Cash Money Records ?,Rebirth,Rebirth (Lil Wayne album),Knockout (Lil Wayne song),3,4,3,4,complete,,False,False,False,False,False,False,True,True,True,True,True,True,True,True,True,hpdev:9452f3a15f2801c71eda | hpdev:211dbdac7b56145a4f87 | hpdev:a35cf2997c43ed16029a | hpdev:0647a85b3962ef2e1ccf | hpdev:d5b53ebacd451993efa8 | hpdev:eeaa0d265e43081b43fa | hpdev:4b2c18cffd30526f23f6 | hpdev:1e54bce442c78e7dea25 | hpdev:6847a619199b5de09a12 | hpdev:7c0d48dd060905339761,Lil Wayne | Cash Money Millionaires | Rebirth (Lil Wayne album) | Knockout (Lil Wayne song) | Baller Blockin' (soundtrack) | Cash Money Records | Tha Carter IV | Ronald &quot;Slim&quot; Williams | Big Tymers | Drop the World
5a839f985542996488c2e47d,Nostie lies a short distance from one of Scotland's popular tourist attractions a small tidal island dominated by a picturesque castle that frequently apperas in what?,"photographs, film and television",Eilean Donan,Nostie,2,1,1,2,complete,,False,True,False,True,True,True,True,True,True,True,True,True,True,True,True,hpdev:7518e205a6560d217c2c | hpdev:44baa5a595c909de4a36 | hpdev:eda6079bdce5a1a78ef1 | hpdev:73312d2ae9aa9acd7353 | hpdev:860ed218ce960962d7d6 | hpdev:0d6ede411d22dc1bd602 | hpdev:863d3c9516986b30fb93 | hpdev:a23f174071bceaa1d0b6 | hpdev:fd40b4fc2119820b46b0 | hpdev:75d91de7fdfed18595fd,"Nostie | Eilean Donan | Asparagus Island | Castle Island, Scotland | Tourism in Benin | Eilean Tigh | Little Cumbrae Castle | Castle Tioram | Erraid | St Catherine's Island"
5a8bc03d5542996e8ac88a0b,What was the code name of The landing barge primarily used to provide hot meals to the landing crew?,Operation Neptune,"Landing Barge, Kitchen",Normandy landings,1,695,1,695,partial,,True,False,False,True,False,False,True,False,False,True,False,False,True,False,False,hpdev:77f1f507efc340764557 | hpdev:fc909ac52e6dace03188 | hpdev:4840e5181cb1fa6d8445 | hpdev:7729eada846b6649522c | hpdev:2c44504469e84e79a4c2 | hpdev:ca2b3cdc50bee8beb7ef | hpdev:59c032a01f241abaf918 | hpdev:0a8a1f7180e39184031f | hpdev:7c737b0d0f9093096824 | hpdev:050b018fcd3c03ba3d9a,"Landing Barge, Kitchen | Seventeen Seventy, Queensland | Falcon 9 first-stage landing tests | Meals on Wheels | Yad Ezra V'Shulamit | Landing Craft Support | SS Jubilee | Operation Dragoon | Jacumba Hot Springs, California | G.711"
5adccdab5542994d58a2f6db,"What year was the album featuring the trio made up of Posdnuos, Dave, and Maseo, alongside Lebanese-Syrian rapper Eslam Jawaad release?",2009,The Mammoth Tusk,De La Soul,2,3,2,3,complete,,False,False,False,True,False,False,True,True,True,True,True,True,True,True,True,hpdev:03f408373dedf4947c3a | hpdev:ed6ec9fab7021beda67c | hpdev:0744e0373b8130b3f9ea | hpdev:197f5699388779a582f3 | hpdev:29ef2b5355ff14ebeddf | hpdev:5e233a782b86db91c4cc | hpdev:9bcffbd7ba06ffc4e873 | hpdev:4a2e5d32e82b7c14a7dd | hpdev:0a0abf78915baa42302f | hpdev:60adf451b721709b304d,Eslam Jawaad | The Mammoth Tusk | De La Soul | The War Within (Wrekonize album) | Made in the Manor | Depeche Mode | Battle of Zahleh | Mos Def discography | Dr. Dre Presents the Aftermath | Paper Moon (album)
5ae4a2b25542995ad6573de0,Red Mountain is a film that centers on an attempt by a group of what group of Civil War rangers?,pro-Confederate,Red Mountain (film),Quantrill's Raiders,1,18,1,18,partial,,True,False,False,True,False,False,True,False,False,True,False,False,True,True,True,hpdev:3ffba34a44a23f664e66 | hpdev:9efb163557c32324d21c | hpdev:773ecf04ae3247ee4c96 | hpdev:0c06d18e492e822ad563 | hpdev:1ebb26c893ce20798575 | hpdev:1312157bb2e0940ad445 | hpdev:2f3b405658271a94a594 | hpdev:c672a970b0368b9f93cc | hpdev:6de8f5b13f65cffbdcef | hpdev:412677fb516765feefc2,Red Mountain (film) | Terry's Texas Rangers | William Polk Hardeman | Gettysburg (2011 film) | K2: Siren of the Himalayas | Tobruk (2008 film) | Don't Blink (film) | The Last King (film) | Sierra Leone Civil War | Battle of Blair Mountain
5ab90a2055429916710eb0ea,Daniel Walcott was selected by the New York Rangers in the 5th round of a NHL draft that was held in what city?,Philadelphia,2014 NHL Entry Draft,Daniel Walcott,10,1,1,10,complete,,False,True,False,False,True,False,False,True,False,True,True,True,True,True,True,hpdev:56ba5632fe70d9c4a6dd | hpdev:0d3679dc12a39409447e | hpdev:3f0bb3b8df9fa502c76c | hpdev:e3d22460c756603036fe | hpdev:b7c0cc033163eaf2a82d | hpdev:5cfe6e8300a36602bfe3 | hpdev:45f202dbd5a73ff79a07 | hpdev:5d704e3bd287095ac835 | hpdev:c233d498c7c324ef8d8f | hpdev:1bd42b265fcf9d786658,Daniel Walcott | Roman Pšurný | Luboš Rob | Thomas Spelling | Shawn Collymore | Jason Wilson (ice hockey) | Andrew Yogan | Danny O'Regan | Clark Bishop | 2014 NHL Entry Draft
5a82e25555429954d2e2ebbf,Which author dedicated a 1985 romance novel to the author who did in 2009 and wrote under the pen name Gwyneth Moore?,Eva Ibbotson,Patricia Veryan,A Company of Swans,1,16,1,16,partial,,True,False,False,True,False,False,True,False,False,True,False,False,True,True,True,hpdev:7531c2d786b430cb5132 | hpdev:a203acd86936a4b2463e | hpdev:850a6839ac5e2649e9a9 | hpdev:b7d9bd3032201f869d3d | hpdev:8db74dbfc39561092ff5 | hpdev:087d9d510dda13975ffe | hpdev:920c11f9932d346f9fb4 | hpdev:7e5e48cde1a893dc5c93 | hpdev:b4074a365d068ac0898d | hpdev:39f9d53980b596c20a65,Patricia Veryan | Elizabeth Reid Boyd | E. L. James | Cherry Ripe (novel) | Ondine (novel) | Anthony Gilbert (author) | John le Carré | Gabriel's Inferno | Carolyn Zane | Morishima Chūryō
5ab7e3c45542995dae37e9db,Marine Air Control Group 48 is stationed at Naval Station Great Lakes which located where?,"Lake County, Illinois",Naval Station Great Lakes,Marine Air Control Group 48,11,1,1,11,partial,,False,True,False,False,True,False,False,True,False,False,True,False,True,True,True,hpdev:39deba2588053bca5c79 | hpdev:c883879b1703b24977eb | hpdev:38638bba4c4f0994dcb1 | hpdev:15ccbd47e436bc3e6be6 | hpdev:17c3b3eb19a78d8f6427 | hpdev:4feb04527636ce14769b | hpdev:ea03e7682ff8695bb1e0 | hpdev:c3e569d89d839cfa1843 | hpdev:a04f0385085cf2325fc6 | hpdev:0c7e5072d9fc784482bc,Marine Air Control Group 48 | Marine Tactical Air Command Squadron 48 | Marine Air Support Squadron 4 | Marine Air Control Squadron 24 | HML-776 | Marine Air Control Group 18 | Naval Air Station Glenview | Marine Air Control Squadron 23 | Marine Air Control Squadron 2 | VMF-111
5abd27ba5542993062266ba7,What intrusment did Jem Finer play in the band The Pogues?,banjo player,Jem Finer,"Misty Morning, Albert Bridge",1,4,1,4,complete,,True,False,False,True,False,False,True,True,True,True,True,True,True,True,True,hpdev:0bd83a1188ca2a522c71 | hpdev:2ecfe8c57a1107113207 | hpdev:9b98956dbcec843d7940 | hpdev:6cc08260b83f311864e2 | hpdev:87ae7cdc97fd114bff8b | hpdev:538d2c9fba0c93d8c27b | hpdev:00a4c1acbd3d98dec432 | hpdev:383dc6883b44f44fa05f | hpdev:6df296d62a95de46c060 | hpdev:64b77d77338b1011c8c6,"Jem Finer | Once Upon a Time (The Pogues song) | Fairytale of New York | Misty Morning, Albert Bridge | Sunny Side of the Street (song) | Longplayer | The Pogues | Jem (TV series) | Peninsula Arts Contemporary Music Festival | Edith Walks"
5adc861c5542994d58a2f62c,What is the main base for the parent company of LATAM Express?,Comodoro Arturo Merino Benítez International Airport,LATAM Chile,LATAM Express,9,1,1,9,complete,,False,True,False,False,True,False,False,True,False,True,True,True,True,True,True,hpdev:60f3663ffede7ee95312 | hpdev:c823cab5c92e420b91b6 | hpdev:77ca7c69d98f4d8d3f22 | hpdev:b8fa4949c6003905a4d4 | hpdev:1a7760255017945ddcc1 | hpdev:c03e916beb2bfc621f1a | hpdev:c9bf7a212821b1c3b540 | hpdev:9ec5b8cad42a962b46b3 | hpdev:7b81254eb5fb21358f50 | hpdev:459c09c59d748ad449a4,LATAM Express | LATAM Cargo Colombia | Grand Aire Express | Air Link | Blue Dart Aviation | LATAM Perú | LATAM Paraguay | LATAM Cargo Brasil | LATAM Chile | Cebgo
5abc8d75554299700f9d7900,"Since 2 June 2017, The Leader of Fine Gael had been held by which Irish Fine Gael politician who has served as Taoiseach and Minister for Defence?",Leo Varadkar,Leo Varadkar,Leader of Fine Gael,1,4,1,4,complete,,True,False,False,True,False,False,True,True,True,True,True,True,True,True,True,hpdev:357d5796b5436233fd8b | hpdev:3d1ac1553d777c8e65cc | hpdev:0cc71408b9ed01b7b3b5 | hpdev:6506a74e4da4cf5750eb | hpdev:32e19354b95f36ae578d | hpdev:6bafef83b741abb2c0cc | hpdev:b529432edd4142668e37 | hpdev:af39d3cfaa9958ab6522 | hpdev:a15ed38d37684fc49a03 | hpdev:116be1f815ccb84e1620,"Leo Varadkar | Enda Kenny | Simon Coveney | Leader of Fine Gael | Frances Fitzgerald (politician) | James Reilly (Irish politician) | Liam Cosgrave | Fine Gael leadership election, 2017 | John Bruton | Paddy O'Toole"
5abb207d5542992ccd8e7f1d,Wincenty Gostkowski was a lawyer for the watch manufacturer Patek Philippe & Co. in which city in Switzerland?,"Geneva, Switzerland",Patek Philippe &amp; Co.,Wincenty Gostkowski,2,1,1,2,complete,,False,True,False,True,True,True,True,True,True,True,True,True,True,True,True,hpdev:e118a27c84f0ab4c0f70 | hpdev:0fc99c7ec6438358af16 | hpdev:c9e408baea49ece98523 | hpdev:5be776b2b6e82e11c2db | hpdev:aefdd20ce08d60e69aa8 | hpdev:d97cbb14915fdc9d55b4 | hpdev:e57b09d39a2c2523e6fd | hpdev:7ac51d7fa6f880855419 | hpdev:7a79ec0e19ec245271f7 | hpdev:4b1acabfe0e97bd51e30,Wincenty Gostkowski | Patek Philippe &amp; Co. | Adrien Philippe | Calatrava (watch) | Patek Philippe Calibre 89 | Patek Philippe Henry Graves Supercomplication | International Watch Company | Audemars Piguet | Antoni Patek | Reference 57260
5a8325b35542990548d0b18f,"Who held the record for the longest service in the Australian Parliament for a woman, and was surpassed by  a former Australian politician who was the 29th Speaker of the House of Representatives?",Kathryn Jean Martin,Kathy Sullivan (Australian politician),Bronwyn Bishop,1,2,1,2,complete,,True,False,False,True,True,True,True,True,True,True,True,True,True,True,True,hpdev:c9db80cb0b4486fbc6b8 | hpdev:e7bd4e4cca42f17306e3 | hpdev:6f157fb6efea83027e1a | hpdev:ac5bdd488e5464069eb6 | hpdev:ac26eebf6e594cb0e428 | hpdev:94efa983c4cca173a5db | hpdev:91f80024856249be59d8 | hpdev:ba0907f2290ed0505382 | hpdev:d449e60a228b08c5b260 | hpdev:10b55050f732f238a5f0,Kathy Sullivan (Australian politician) | Bronwyn Bishop | Dean of the House (Canada) | Charles Griffiths (politician) | Dave Hunt (Oregon politician) | Tip O'Neill | Philip Ruddock | Edwin H. Lothrop | Bob Debus | Chris Crewther
5abcf2b4554299700f9d7937,Lorenzo Monaco was influenced by which Italian painter and architect?,Giotto,Lorenzo Monaco,Giotto,1,8,1,8,complete,,True,False,False,True,False,False,True,False,False,True,True,True,True,True,True,hpdev:5000343ea301f91e64b8 | hpdev:6700ef35b5ffe9836404 | hpdev:d9a61d104695eba118e4 | hpdev:4e239c764c8fb133d54a | hpdev:0cddd6c1eda9e8cba9ba | hpdev:4adf8388be737702d51f | hpdev:3686025d8338cd08e08d | hpdev:9a26bd6b41440e659e60 | hpdev:07d9ab321b7f4fdd0c49 | hpdev:5596fec29ed1c2ca655f,Lorenzo Monaco | Bartolini Salimbeni Annunciation | Bartolini Salimbeni Chapel | Lorenzo di Bicci | Francesco d'Antonio | Mariotto di Nardo | Andrea di Giusto | Giotto | Giovanni dal Ponte | Lorenzo Ratti
5a8a09765542992d82986e67,Which team was a Dutch former professional footballer sacked from in 2009 after the team underperformed in a string of games for the qualification for the Champions League? ,FC Bayern Munich,2008–09 FC Bayern Munich season,Mark van Bommel,1,24,1,24,partial,,True,False,False,True,False,False,True,False,False,True,False,False,True,False,False,hpdev:f83f3a31672fb3997631 | hpdev:9a97f1c16584e355cd70 | hpdev:a090b9e6916462f462ef | hpdev:f7faf2d80023826c81ed | hpdev:ff298292c2a83b743501 | hpdev:d3334e11e84f0b830b21 | hpdev:8483adbfed97af699b3b | hpdev:33446a7be918d8a39edc | hpdev:8323bc8c725335bee061 | hpdev:6aced93a107776672784,2008–09 FC Bayern Munich season | Vincent Janssen | Theo Janssen | Steven Gerrard | Bloomington Edge | Jimmy Floyd Hasselbaink | Petr Čech | Wichita Wild | Wichita Force | Mario Gómez
5ab4774d5542991751b4d781,Crash is similar to what 16th century British card game in the sense that there is no betting?,"In Crash, there is no betting, as in Brag",Three card brag,Crash (card game),2,1,1,2,complete,,False,True,False,True,True,True,True,True,True,True,True,True,True,True,True,hpdev:bb16df66a5feab75a36a | hpdev:e579c149d1cec4fd77f6 | hpdev:c8c8d00542b387d3e726 | hpdev:e12dabb8c99bc3397c01 | hpdev:ac31d9c01720d7d7c5d8 | hpdev:1ffb36a6dd9af480e3d5 | hpdev:4a0535dc5f0bd76b09fa | hpdev:c8566c2f16a735cdf6c1 | hpdev:a777e4bc7b90c5f6ca83 | hpdev:f1dac7c8e3108be67390,Crash (card game) | Three card brag | Gleek (card game) | Egyptian Ratscrew | Put (card game) | Triomphe | Texas hold 'em | Écarté | Ombre | Quadrille (card game)
5a84f5195542994c784dda9d,What is the current position held by the Nathan Sharansky's co-author of the book The Case for Democracy?,Israeli Ambassador,Ron Dermer,The Case for Democracy,455,1,1,455,partial,,False,True,False,False,True,False,False,True,False,False,True,False,False,True,False,hpdev:36e0000a4ad527e1150d | hpdev:2008bd0814199076f03f | hpdev:087264da084805eb5e1c | hpdev:f22ba8f6d88cd36f40e7 | hpdev:29633745e7a452224199 | hpdev:617830860f0b37c32ff5 | hpdev:e1459ace94492e4cdd88 | hpdev:29f062ce3fcb2eae1d46 | hpdev:c8f289fa7e2a4f2615cc | hpdev:5138a960e3e13f6079c2,The Case for Democracy | Defending Identity | Avital Sharansky | The End of America (film) | Hamadou Moustapha | Bill Martin Jr. | Allison Garrett | Erie Railroad Co. v. Tompkins | Go to the Top (album) | Democracy
5ade7feb5542992fa25da799,"What is the nickname of the island that is 1,415 km further to the east-southeast of Tokyo?",Wake Atoll,Minami-Tori-shima,Wake Island,1,3,1,3,complete,,True,False,False,True,False,False,True,True,True,True,True,True,True,True,True,hpdev:135c2012200c512b60d3 | hpdev:8fd78aa04a1f5e37a475 | hpdev:66b15fe31b2cab72ebbc | hpdev:1bb6fbc7f46a10d75407 | hpdev:172058f88b281247f9c4 | hpdev:59d7c0deca110f4fc130 | hpdev:34f0aac34174d0f48723 | hpdev:10319b70014b7272c92d | hpdev:eb048506ab12edfc8c32 | hpdev:5e6f9982599c48f63587,"Minami-Tori-shima | Aprilov Point | Wake Island | Drinov Peak | Vidin Heights | Karposh Point | Palhal, Cape Verde | Admiralty Island National Monument | Simitli Point | Sierra DuFief"
5ac299b155429967731025ad,"Human Shadow Etched in Stone is an exhibition to showcase which bombing that killed 129,000 people in 1945?",Hiroshima and Nagasaki,Atomic bombings of Hiroshima and Nagasaki,Human Shadow Etched in Stone,2,1,1,2,complete,,False,True,False,True,True,True,True,True,True,True,True,True,True,True,True,hpdev:771e2fd6b2b42daadd98 | hpdev:e21841656ad9d70e4883 | hpdev:6ad0b8e9c06fc754185f | hpdev:d1039a0f9946a86df12a | hpdev:16876a335450a03dcdd5 | hpdev:602d19412a3ff21f13ea | hpdev:ccdc60b4aa9ae42dda27 | hpdev:a10e7e04b95ef95ea94c | hpdev:f06f8ae68ad87876b990 | hpdev:81f935c9abdb01877cf8,Human Shadow Etched in Stone | Atomic bombings of Hiroshima and Nagasaki | Bombing of Dresden in World War II | Bombing of Tokyo | 2009 Hotel Shamo bombing | Omagh bombing | Bombing of Dublin in World War II | Philipp Bouhler | Canadian National Exhibition | Casualties of the Sri Lankan Civil War
5adef5fb5542993a75d263be,Which f beer brewed in the Pajottenland region  American wild ale similar to ,Lambic,Lambic,American wild ale,3,5,3,5,complete,,False,False,False,False,False,False,True,True,True,True,True,True,True,True,True,hpdev:ce2b0d0b83db72765377 | hpdev:62e0ebcf4a75908b004c | hpdev:6e16215497622e8daf68 | hpdev:5c85bb36f3869809fb73 | hpdev:947e990798e30856eb73 | hpdev:f77f6fac67e7c47fbf1e | hpdev:ba0ddd2161114aa77fa3 | hpdev:372f91ef5e0cdb965120 | hpdev:3e1438a727b11803af8e | hpdev:5b0df2a8fedd4ea35efb,Rogue Beard Beer | Wild Goose (beer) | Lambic | Ale | American wild ale | Coigneau | Kentucky common beer | Chopper Heavy | Heavy Seas Beer | Ballarat Bitter
5abaeda95542992ccd8e7e5d,"What is the fictional name of the mall in the movie ""Back to the Future"" which was filmed at the headquarters of EverTrust Bank?",Twin Pines/Lone Pine Mall,EverTrust Bank,Puente Hills Mall,1,2,1,2,complete,,True,False,False,True,True,True,True,True,True,True,True,True,True,True,True,hpdev:e6a5d288f499edd54a3f | hpdev:2de34b30a72fcabc305c | hpdev:4328098129621fa3a9b6 | hpdev:a108cdb2bdc14e0ebdb3 | hpdev:b40fc9d9dc7c80ee2b6c | hpdev:959caa49a01d1c96cb67 | hpdev:4f8ac575745622e41dca | hpdev:9ad0b41bf4c0408beb69 | hpdev:0a7a8f0aa25e0cd1fafc | hpdev:cc0843e56b4a0c02adba,EverTrust Bank | Puente Hills Mall | Emmett Brown | The Mill (TV series) | Back to the Future: The Ride | Richardson Square Mall | Firstar Corporation | Wells Fargo Building (Augusta) | What Every Woman Knows (1934 film) | Deerbrook Mall
5addfdf65542992200553bd2,The Last Run is a drama film that stars which Lithuanian-American actor?,Vyto Ruginis,Vyto Ruginis,The Last Run (2004 film),344,1,1,344,partial,,False,True,False,False,True,False,False,True,False,False,True,False,False,True,False,hpdev:802627971c7c4370e44e | hpdev:9cb002b4e7def007a0e2 | hpdev:e7f0ff36222a1bc83db8 | hpdev:c767c7ce3b3ceebeb324 | hpdev:d69de027a46e147e7696 | hpdev:99e5eef28ab563ce07dd | hpdev:b6d5ed59ac035c3b39fe | hpdev:33204204e1544251cc6a | hpdev:88e67ae8f66be9232f7f | hpdev:0a1e37ed284b358dd9b6,"The Last Run (2004 film) | Run, Cougar, Run | Jeff Perry (American actor) | Helena from the Wedding | Ron Carey (actor) | Vytautas Šapranauskas | High Stakes (1931 film) | Giant (1956 film) | Brothers (2009 film) | Peter Bogdanovich"
5ab95a63554299743d22eb06,Who was a student of Rolls Gracie and ran the Gracie Humaitá school in Rio de Janeiro?,Royler Gracie,Royler Gracie,Rolls Gracie,1,13,1,13,partial,,True,False,False,True,False,False,True,False,False,True,False,False,True,True,True,hpdev:94d80f625d27d2f972c4 | hpdev:60c1668dbedc875b6257 | hpdev:fef43bb7dcdd5c239be7 | hpdev:6cd35d3dc04c416e860d | hpdev:b068f7bea67216ccb86d | hpdev:e4be6c2b639cbd5ab3a2 | hpdev:ee49745c596a18c4f4fc | hpdev:a035b85c275ae3dcc73f | hpdev:aefaa50852efacaa5193 | hpdev:5da175c5b2a46295e801,Royler Gracie | Gracie Humaitá | Wellington &quot;Megaton&quot; Dias | Saulo Ribeiro | Carlos &quot;Caique&quot; Elias | Daniel Gracie | Mauricio Villardo | Rodrigo Medeiros | Andrea de Andrade | Francisco Manuel da Silva
5a807f6a5542992bc0c4a737,The HMS Seraph is most famous for a WWII operation intended to cover the allied invasion of Sicily in what year?,1943,HMS Seraph (P219),Operation Mincemeat,1,3,1,3,complete,,True,False,False,True,False,False,True,True,True,True,True,True,True,True,True,hpdev:6e7a937899c98411e9d2 | hpdev:2a1806303d78a8cc5dff | hpdev:29baff9b610e34122949 | hpdev:1dfa4d750aba659f3f55 | hpdev:1ecacaa88263c1e3437d | hpdev:53950adfd288493191d1 | hpdev:76571e14632afab30da6 | hpdev:6ece1966d822f8be02c6 | hpdev:1d80126b1b47e847a05d | hpdev:4558b63217602fb8d16c,HMS Seraph (P219) | Operation Corkscrew | Operation Mincemeat | Operation Ladbroke | HMS Boreas (H77) | Allied invasion of Italy | Operation Epsom | Operation Ferdinand | The Man Who Never Was (book) | Arthur Power
5ae129115542990adbacf722,A Pair of Brown Eyes and Wild Mountain Thyme is based from what artists song?,Francis McPeake,Wild Mountain Thyme,A Pair of Brown Eyes,2,1,1,2,complete,,False,True,False,True,True,True,True,True,True,True,True,True,True,True,True,hpdev:2043750d313c45b06444 | hpdev:fed695ab994f51f68dc1 | hpdev:835fb909495572d70717 | hpdev:9c842e63d00edc799ae4 | hpdev:bdc8e3c59e8fdae9d647 | hpdev:5cfb5c1ab9d7cc8f3b9b | hpdev:8898380f8d7559c09577 | hpdev:a93e7461c6fa08d1c370 | hpdev:34ac0361372056b11f19 | hpdev:9b8003745b271f0255ec,A Pair of Brown Eyes | Wild Mountain Thyme | Brown Eyes (song) | Beautiful Brown Eyes | Caramel (City High song) | A Spanner in the Works | Brown Eyes (band) | Breakin' My Heart (Pretty Brown Eyes) | What's in Our Heart (song) | My Eyes (Blake Shelton song)
5ae528e655429908b632652c,Which publisher released the prequel to the 2012 novel Boneland in 1960?,Sir William Collins,The Weirdstone of Brisingamen,Boneland,4,1,1,4,complete,,False,True,False,False,True,False,True,True,True,True,True,True,True,True,True,hpdev:865f0e98f5ddb13fa0de | hpdev:5af6be61108c48c18c1f | hpdev:5f88202fc67be9600320 | hpdev:eddcc1023d8fcbb719ce | hpdev:a83fc85cf370a3c0f928 | hpdev:2ec49052802605b5c62e | hpdev:08398a63123cd657773a | hpdev:130c973c325dc4a8f699 | hpdev:a829ed22716822ce5001 | hpdev:c9b2d522c560ffb9a35a,Boneland | The Family Corleone | Skagboys | The Weirdstone of Brisingamen | The Kill Order | Second Son (Child novel) | Flesh (novel) | The Collector (2009 film) | Shinkyoku Sōkai Polyphonica | The Divide trilogy
5abcd44655429959677d6af1,What is the population of the county Rockingham County which Little Bay Bridge meet the river between it,The population was 753,"Newington, New Hampshire",Little Bay Bridge,2,1,1,2,complete,,False,True,False,True,True,True,True,True,True,True,True,True,True,True,True,hpdev:7fcc5fe93eec7df9bb3d | hpdev:591a2da5acbd5193ecc6 | hpdev:7efcaacf23d005727968 | hpdev:06e386990ebc62191b06 | hpdev:a25de34ef0ebfc5162dd | hpdev:d73dd306c775541ad142 | hpdev:63c968abb02746e622d1 | hpdev:60915a0b1316bde4d3bf | hpdev:d86024354e10ffb04109 | hpdev:9995065140916c1f6341,"Little Bay Bridge | Newington, New Hampshire | US 67 Bridge over Little Missouri River | Oyster River (New Hampshire) | Brentwood, New Hampshire | Little Missouri River Bridge | Dan River | Great Bay (New Hampshire) | Bartonsville Covered Bridge | Millard E. Tydings Memorial Bridge"
5ae237ac554299492dc91be1,What was the population in 2010 of the town where The Stelljes House is located ?,810,"Goshen, New Hampshire",Stelljes House,61,2,2,61,partial,,False,False,False,False,True,False,False,True,False,False,True,False,False,True,False,hpdev:680d18a578ba4dba2844 | hpdev:55ebc8507a6554efe51b | hpdev:0a3e82616be5c7cf8a7e | hpdev:f39efa8b1bfbacfc0365 | hpdev:0f1f5e5d6e4df8dfd1d4 | hpdev:9a230affa01601ec5c83 | hpdev:e09960209b6b95445b57 | hpdev:d0e172ba84bfb751876c | hpdev:86d9713dbd2ff4128fce | hpdev:8d2b65832d44feb02e43,"Bradford, New Hampshire | Stelljes House | Newburgh, Indiana | Runcorn | Signal Mountain, Tennessee | Goffstown, New Hampshire | Guilford, Maine | Walpole (CDP), Massachusetts | Tusayan, Arizona | Richford, Vermont"
5ae414d855429970de88d8ec,In what year was the football club for which Reuven Niemeijer plays founded?,1903,Reuven Niemeijer,Heracles Almelo,1,153,1,153,partial,,True,False,False,True,False,False,True,False,False,True,False,False,True,False,False,hpdev:324e860f7e17384338f0 | hpdev:ff4697bb02b534a07982 | hpdev:7ba9d849d6578a14552f | hpdev:a487fcf3747f3172762f | hpdev:b141a36a96499cf675d7 | hpdev:c85905e8b83c05e4511e | hpdev:7146f885fa2e3118f374 | hpdev:05d3865f1c5bff7ce11d | hpdev:2032048161a7d7c445e8 | hpdev:cbb5ec6bf6a3c5adf627,Reuven Niemeijer | Aquinas Old Collegians Football Club | Sport &amp; Leisure Swifts F.C. | F.C. Bari 1908 | History of Manchester United F.C. (1945–69) | Pachanga Diliman F.C. | FC Tuggen | Dorados de Sinaloa | Odds BK | Atlético Granadilla
5ac4e593554299076e296e37,"OU812 was the second album to feature a vocalist that also played what instrument in ""Finish What Ya Started""?",rhythm guitar,OU812,Finish What Ya Started,2,1,1,2,complete,,False,True,False,True,True,True,True,True,True,True,True,True,True,True,True,hpdev:863df80c6a26f82ae8fb | hpdev:f1e5a6b9186111bdd7e1 | hpdev:d94ac6a62a5a4f93283e | hpdev:518c7428a82b6eaee6c9 | hpdev:d09659ad46d0d035b419 | hpdev:827385df42f8f05e16d0 | hpdev:1ff4175c03d153564103 | hpdev:93afc82169c513f383ac | hpdev:a1df670a4080f0842b4c | hpdev:e0fac93d1464e6af33f8,"Finish What Ya Started | OU812 | OU812 Tour | Emel Mathlouthi | If You Only Knew (album) | Tremonti (band) | Rrröööaaarrr | Hot Streets | What a Catch, Donnie | Mob Rules (album)"
5a8f0a01554299458435d539,Telos was an album by a band who formed in what city?,Indianapolis,Forevermore (band),Telos (album),1,2,1,2,complete,,True,False,False,True,True,True,True,True,True,True,True,True,True,True,True,hpdev:08631789380da789535d | hpdev:41a2cd2f76b5f6f266c7 | hpdev:545f5df6b9652065a1ed | hpdev:cafe8bd56d462fe76c05 | hpdev:6d57990d61819cf8f4a9 | hpdev:95c9dd659f4b2118d543 | hpdev:e84c538e7fe250730ef6 | hpdev:a54a7e92f0f303497918 | hpdev:cd4adef491751e3ca862 | hpdev:fddf8249d0761cdfc63d,Forevermore (band) | Telos (album) | Rock City (duo) | Casino (band) | List of Oasis band members | The Continuum (album) | !!! | Fuze (band) | Commit This to Memory | Stars in Stereo
5abe87cb5542993f32c2a156,Millennium Greens were funded in part by a what type of lottery?,state-franchised,Millennium Green,National Lottery (United Kingdom),1,18,1,18,partial,,True,False,False,True,False,False,True,False,False,True,False,False,True,True,True,hpdev:c8db687d79777a54367a | hpdev:a3ad4a01cbb0e6fdf411 | hpdev:672da83880bba52b51a8 | hpdev:22222cdbfa3a7cdadbe0 | hpdev:5c6fc68f377aa16fc631 | hpdev:1a8fd66d93227ae2beb1 | hpdev:475424ad80e57788a751 | hpdev:1fa8844f94a74ad191d7 | hpdev:69ac9c2ce5e9af70664a | hpdev:482ce6527209c46a7907,Millennium Green | Millennium Forest for Scotland | Doorstep Greens | Global Greens Charter | Bat and trap | Papua New Guinea Greens | Shooting Fish | Frithjof Schmidt | Alliance 90/The Greens Hamburg | Collard greens
5ae206c45542994d89d5b311,"Through which Tv series, one of the stars of Whats up korean film Kim Ji-won gained attention?","""The Heirs"" (2013)",Kim Ji-won (actress),What's Up (TV series),1,2,1,2,complete,,True,False,False,True,True,True,True,True,True,True,True,True,True,True,True,hpdev:ed98828199941c05bea2 | hpdev:49b4de3646833c9a015a | hpdev:d6e76c449402ea51427c | hpdev:a5ac9339ed0b82a09db7 | hpdev:96322377640b032d21ec | hpdev:5a8c3fc76e41440de313 | hpdev:ca3a3568ec63dad8ccd9 | hpdev:1052830549dbdac5440f | hpdev:f67a42d36562bff8ab43 | hpdev:7188675e33634f3c8b99,Kim Ji-won (actress) | What's Up (TV series) | Traces of Love | Happy Together (1999 TV series) | Kim Ji-won (badminton) | Gap-dong | Maids (2015 TV series) | The Age of Shadows | Kim Ji-soo (actress) | Yellow Hair 2
5a7b3f4d5542992d025e67bb,"Which songwriting duo composed music for ""La La Land"", and created lyrics for ""A Christmas Story: The Musical""? ",Pasek & Paul,Pasek and Paul,A Christmas Story: The Musical,2,1,1,2,complete,,False,True,False,True,True,True,True,True,True,True,True,True,True,True,True,hpdev:7ea821bebee00dc3072d | hpdev:63a082feca4cbd28a5da | hpdev:b021eb8f2967e9cac4f7 | hpdev:47bb095daee2b76b589b | hpdev:006ac9d23ab52766c125 | hpdev:a6456f24f220ee116d7e | hpdev:8df25f01312966f2a417 | hpdev:26274432859619c59108 | hpdev:2d74048da1f39f6c0ffe | hpdev:545f5df6b9652065a1ed,A Christmas Story: The Musical | Pasek and Paul | Selda and Derek | Chaplin (2006 musical) | Loserville | Audition (The Fools Who Dream) | City of Stars | List of accolades received by La La Land | Marian Hill | Rock City (duo)
5a8ac87d55429970aeb7031d,What brother of Stanley Alan Van Gundy is a color commentator for ESPN?,Jeffrey William Van Gundy,Jeff Van Gundy,Stan Van Gundy,1,2,1,2,complete,,True,False,False,True,True,True,True,True,True,True,True,True,True,True,True,hpdev:3ab2afca18f24151e7eb | hpdev:458e0f7316108406cf2c | hpdev:778bd3d24bed2af16d48 | hpdev:aa900c42a76ea96c22bf | hpdev:0739ac4705abea82bfce | hpdev:987b006fcfc2d545e4c4 | hpdev:337502c2dbcec73ce8d9 | hpdev:dc2e91415748320111d2 | hpdev:e922c9ed590d8416917a | hpdev:bdd4d63756b8d2c85cf1,Jeff Van Gundy | Stan Van Gundy | Ian Darke | Brian Griese | Max Kellerman | Color commentator | Cale Gundy | LZ Granderson | Javier Frana | Johnny Kerr
5a8a429955429930ff3c0d34,The first of the Simon Bloom books was optioned by a company founded in what year?,1912,Simon Bloom,Universal Pictures,1,1823,1,1823,partial,,True,False,False,True,False,False,True,False,False,True,False,False,True,False,False,hpdev:b9104fb350c891ae5316 | hpdev:ef9dc561c13e8d5304dc | hpdev:64b762f89286576fdf91 | hpdev:c2c88234aab4b3e716ed | hpdev:478dee9d59528aed0f16 | hpdev:4efafeba025a68a8bcb4 | hpdev:18f3d4b81e2c67bae08a | hpdev:c588d30a72e3491ec01a | hpdev:d2d1bb6e19971747205d | hpdev:76a4ab849c6bbd0fd64d,Simon Bloom | Field Enterprises | Joshua Bloom | Haven: City of Violence | Sounds True | Simon &amp; Schuster | Perseus Books Group | Dave Wallis | Gordon Biersch Brewing Company | Applewood Books
5ab2f85b55429929539468dc,The Oera Linda Book is a manuscript written in a language spoken between what centuries?,8th and 16th centuries,Oera Linda Book,Old Frisian,1,6,1,6,complete,,True,False,False,True,False,False,True,False,False,True,True,True,True,True,True,hpdev:ee2c88ed1c3f9805121c | hpdev:3bebfb3b48a25752bf77 | hpdev:edcb8ad8b96b6c38883d | hpdev:363bf6a9a9cc89d33be0 | hpdev:c2d6420aeac98b5219c0 | hpdev:b9ea8bb87fa5bd8f5090 | hpdev:57f44eca7f03c31bca81 | hpdev:2aa88195304e3a148d21 | hpdev:d3a1694cc52727375798 | hpdev:00ae5e5a2685e3bcb2d3,Oera Linda Book | Red Book of Hergest | Ch’olti’ language | Ida'an language | Mots d'Heures | Old Frisian | Aquitani | Proto-Norse language | Friso | Romano-Greek language
5ae8027d5542993210984031,"What MLB pitcher nicknamed ""Gander"" was written about in ""the Stratton Story"">?",Monty Franklin Pierce Stratton,Douglas Morrow,Monty Stratton,12,1,1,12,partial,,False,True,False,False,True,False,False,True,False,False,True,False,True,True,True,hpdev:e2b6fe6812564a7276d5 | hpdev:65cdf5ff28b6835a2359 | hpdev:18fa385aab2da12b71cd | hpdev:a4fd8dcd80fd2944ba57 | hpdev:79ebb9b62fbd6bed961d | hpdev:b6f160c3a315f7378d93 | hpdev:7482a165c2db130ab655 | hpdev:f4c924c0a898fe6b16ec | hpdev:cec9aa5d931aeeab1856 | hpdev:657a465315037aac9722,"Monty Stratton | The Stratton Story | Chris Sale | Tim Keefe | Roger Clemens | Deck McGuire | Lance Niekro | Joe Erautt | Gene Stratton Porter Cabin (Geneva, Indiana) | Clay Buchholz"
5ae2c8b05542992decbdcd9d,What is the birthplace of YouTube's 2016 overview featured creator Wengie?,"Guangzhou, China",Wengie,YouTube Rewind,2,1,1,2,complete,,False,True,False,True,True,True,True,True,True,True,True,True,True,True,True,hpdev:25eeb44f8fef68a11a7f | hpdev:219de22d53a6e772ba95 | hpdev:6321c1d094e4108583a3 | hpdev:a9ec6cfea9b4d7575045 | hpdev:56871ad042ab8089b7c6 | hpdev:54488b624381cefb8ade | hpdev:ea7fa59c5b8df7f00f8f | hpdev:42e26574e6d23bdfc1c0 | hpdev:9e7786d553d892c231d1 | hpdev:05cf3cf29486aba210f4,YouTube Rewind | Wengie | Wayne Goss (make-up artist) | Issa Rae | Lilly Singh | MatPat | CVX Live | Kevin Nalty | Evil Controllers | ArsenalFanTV
5a8de7c65542995085b37353,"Opel once owned and manufactured the brand known under one shared name in New Zealand and Australia, and that brand is now a subsidiary of what company?",General Motors,Holden,Opel,125,1,1,125,partial,,False,True,False,False,True,False,False,True,False,False,True,False,False,True,False,hpdev:2b584134ddc9c672e131 | hpdev:e75498ed5020741b714f | hpdev:457a6f7edd5762b64799 | hpdev:768447b97add44ca2e0a | hpdev:28bec403b3fe95562b9f | hpdev:97688fdd22028df757d1 | hpdev:6b31cdd29129aa1fb325 | hpdev:9a99eb0528abdaea6c5d | hpdev:d65e411446610566daa1 | hpdev:0c73976cf7bd12d38ae4,Opel | Jetconnect | Ansett New Zealand | Opel Cascada | The Willy Wonka Candy Company | Rinso | Holden Astra | NZI | Twisties | Dunlop Tyres
5ade99ad554299728e26c75d,"How many acts is the ballet Rita Sangalli premiered in, in the year 1876?",two or three acts,Sylvia (ballet),Rita Sangalli,2,1,1,2,complete,,False,True,False,True,True,True,True,True,True,True,True,True,True,True,True,hpdev:25f178448b396585968b | hpdev:b6fc205ab01113e8f4b4 | hpdev:044e38b14b78eca5a2e2 | hpdev:d77d7162c3ce76aebe2e | hpdev:e9bbcb509d738da2cd88 | hpdev:ffe111983aae019c15d1 | hpdev:d014ce38df0c582753c5 | hpdev:2540115c739ce1b2d2c8 | hpdev:5210e4cd2d688e82a556 | hpdev:671050c0de1e89240c69,Rita Sangalli | Sylvia (ballet) | Marie Bonfanti | La Fille de marbre | Swan Lake (1895) | Louis Mérante | Birmingham Royal Ballet | English National Ballet School | Black Swan dance double controversy | 1876 in Germany
5a8dce155542994ba4e3dd24,"In which branch of the U.S. military did the man who Robert Conrad portrayed in the television series ""Baa Baa Black Sheep"" serve?",Marine Corps,Robert Conrad,Pappy Boyington,1,24770,1,24770,partial,,True,False,False,True,False,False,True,False,False,True,False,False,True,False,False,hpdev:1eb476d0ecddc3f7fb1c | hpdev:97b39900df7f1c79f675 | hpdev:99e3dbb9446891b32c5c | hpdev:b5945c5d757395cb7e08 | hpdev:740709479fae4e2cc17b | hpdev:44e838149b15db6a674e | hpdev:56b65eaf7303a6660d76 | hpdev:95b0da9fcd85e6fb0692 | hpdev:876b91f749689bf230ad | hpdev:24b1f28da8103f2d93f5,"Robert Conrad | Larry Manetti | Baa Baa Black Sheep (TV series) | List of Baa Baa Black Sheep episodes | W. K. Stratton | Byron Chung | James Whitmore Jr. | Baa, Baa, Black Sheep | Dirk Blocker | Michael Jai White"
5adec4695542992fa25da83a,The Collective for Living Cinema of Lower Manhattan featured work from what filmmaker also known as Denis Kaufman?,Dziga Vertov,Collective for Living Cinema,Dziga Vertov,1,3,1,3,complete,,True,False,False,True,False,False,True,True,True,True,True,True,True,True,True,hpdev:a7787b7aaae89733e15e | hpdev:1d0622c0557fa88b303e | hpdev:7a217d45e5d2e0939ea1 | hpdev:1cae7607cda800ed4810 | hpdev:a717960add086f6b2e9c | hpdev:feb4718301d34bf0715f | hpdev:214e3ddeafc0a6622971 | hpdev:ac9dc3d6b207338bc5c8 | hpdev:df9e8ac65329d695291f | hpdev:78035a12a45159539257,Collective for Living Cinema | Kinoks | Dziga Vertov | Lower Manhattan | Alexander Garvin | Francis H. Kimball | IRT Lexington Avenue Line | Adam Collis | Kris Williams (filmmaker) | Elaine Kaufman
5ab913205542991b5579f0e0,The Sanders-Brown Center on Aging was funded by a grant from a businessman known for what restaurant chain?,Kentucky Fried Chicken (KFC),John Y. Brown Jr.,Sanders–Brown Center on Aging,3,1,1,3,complete,,False,True,False,False,True,False,True,True,True,True,True,True,True,True,True,hpdev:f4ddc999807ac32d323d | hpdev:03c1bb3f3587d29fdfec | hpdev:9305d31eeebc52e580d4 | hpdev:928f18c2aa4f8fe64463 | hpdev:4935a126d4a909aeb4d2 | hpdev:952927226b3639c6357e | hpdev:cf0ee3544a11b4779c89 | hpdev:9fe2e35ab785a7995663 | hpdev:59d0e73ad3659225981b | hpdev:1bea10174f5db2f2db18,Sanders–Brown Center on Aging | David Snowdon | John Y. Brown Jr. | Dave Thomas (businessman) | Rochelle Buffenstein | Chefette | John A. Brown (department store) | Prem Ganapathy | Pizza Showtime | S. Truett Cathy
5a81a4335542990a1d231e38,Which voice actor plays the voice of the cartoon character that is most famous for his semi-intelligible speech and his mischievous and temperamental personality?,Clarence Nash,Donald Duck,"Blaine County, Oklahoma",1,559,1,559,partial,,True,False,False,True,False,False,True,False,False,True,False,False,True,False,False,hpdev:00a41bed0b6b83390af3 | hpdev:5d0571d905bca6b7afde | hpdev:58d5ac6d579c8c6d7df1 | hpdev:011ae9447c82746dae38 | hpdev:fd775e1b3aaa7bff5940 | hpdev:6cfd82528f567fe4b8ed | hpdev:58d4af25c0b5f2ae24ad | hpdev:86b2b66dc5828d8709ca | hpdev:592d550b5960271becfa | hpdev:6aad43103e96493d2992,Donald Duck | Donald Duck talk | Arthur Q. Bryan | Jim Backus | Clarence Nash | Hubert Gagnon | Philip Michael Thomas | Cory Doran | Johan Hedenberg | Jimmy Weldon
5a7c00a55542996dd594b87e,"San Jose Secondary Educational Center, is located on the cost of what sea? ",Mediterranean,San Jose Secondary Educational Center,Málaga,1,16364,1,16364,partial,,True,False,False,True,False,False,True,False,False,True,False,False,True,False,False,hpdev:8722a37d00123871fea4 | hpdev:c50f1ab3284d432bca11 | hpdev:f030515d11d123765458 | hpdev:522687ea35e90fb43a93 | hpdev:f0e8e10e0c3240c0dd65 | hpdev:7638ec278f8029edf3f4 | hpdev:3ca455794de40ea38535 | hpdev:facd15fe5da082cc4ab9 | hpdev:9bd594fd7e1f9b32f32d | hpdev:646c49b79bb994c143db,"San Jose Secondary Educational Center | St. Joseph School of San Jose City | San Jose Center for the Performing Arts | Team San Jose | Solar4America Ice | San Jose Sports &amp; Entertainment Enterprises | 2015 San Jose SaberCats season | Symphony Silicon Valley | San Jose Municipal Stadium | East Foothills, California"
5a7747e15542994aec3b7266,"Which was formed first, the duo Big & Rich or Lonestar?",Lonestar,John Rich,Lonestar,2,3,2,3,complete,,False,False,False,True,False,False,True,True,True,True,True,True,True,True,True,hpdev:ec0f2d108150f35845b5 | hpdev:8af4d3651da87a2af86a | hpdev:293de0e6ac4ffc141cc4 | hpdev:3d4ab275cec3da66167d | hpdev:ada2d56493397a43f91c | hpdev:09dd8898a51c56bbab2f | hpdev:1ace2a11921275275bdd | hpdev:d2632c1288ea135a411d | hpdev:0dfa30e47a2b719ec13e | hpdev:353fc930bae0a24f280e,Underneath the Same Moon | John Rich | Lonestar | Gravity (Big &amp; Rich album) | Lovin' Lately | Rich Rocks | Lonestar discography | Live a Little (Big Kenny album) | Big &amp; Rich's Super Galactic Fan Pak 2 | Shuttin' Detroit Down
5ac42a64554299076e296d7b,Clipper Cargo was a subsidiary cargo airline of  the principal and largest international air carrier in the United States that was founded in what year?,1927,Pan American World Airways,Pan Am Cargo,2,3,2,3,complete,,False,False,False,True,False,False,True,True,True,True,True,True,True,True,True,hpdev:9d7e03a2c736203583f2 | hpdev:62070736beb0a52968d1 | hpdev:e1af9734053abd8a4aa7 | hpdev:121592d5e6cab529da69 | hpdev:f1dceb890ff8074dbcfa | hpdev:125da49ceead40d5d522 | hpdev:6f3659795b4b6b2954e0 | hpdev:3f5a1469af80e5b8732a | hpdev:996a05e70dad69bb9bdf | hpdev:238bdf486d7a6bf479e7,Aeroflot-Cargo | Pan American World Airways | Pan Am Cargo | Air Canada | Mountain Air Cargo | Martinair | Prams Air | Lynden Air Cargo | Japan Airlines | Air Canada destinations
5ae1f2d4554299234fd04358,"Which English former professional footballer ho played as a centre-back, did  Chris Jones played with ",Rio Gavin Ferdinand,"Chris Jones (footballer, born 1985)",Rio Ferdinand,8,10,8,10,complete,,False,False,False,False,False,False,False,False,False,True,True,True,True,True,True,hpdev:0cf8ec900f52040f1ded | hpdev:46747b2c4b3d6d9921b6 | hpdev:cedb37a73328aa7f7381 | hpdev:4a4802a7a785128f4e4f | hpdev:fc30f190da1853872377 | hpdev:cd425159ca2ee858dd91 | hpdev:ee3c0117e9591e38344b | hpdev:4d1748a45917595a37f2 | hpdev:9b3eb7dee4e572ab36a4 | hpdev:9ce2ce8b9fa8e4674817,"Phil Jones (footballer, born 1992) | Ian Gore | Steve James (footballer) | David Unsworth | Chris Jones (footballer, born 1956) | Chris Smalling | Darren Bradshaw | Chris Jones (footballer, born 1985) | Chris Williams (English footballer) | Rio Ferdinand"
5ac50bca55429924173fb57f,Where was Nobel Laureate in Physics know for his contributions with Abdus Salam and Steven Weinberg a professor?,Harvard University,Sheldon Lee Glashow,Steven Weinberg,29,1,1,29,partial,,False,True,False,False,True,False,False,True,False,False,True,False,False,True,False,hpdev:3a9e1c7aebccf3141f5f | hpdev:f8e2e0ba1d723253f45e | hpdev:14b80ee367c221ba230a | hpdev:5db22f3a724776a0b7ba | hpdev:8efc111be9d7557c8fb9 | hpdev:2b97ef187f294c31495f | hpdev:e11d6e99fc67253e0856 | hpdev:822d056d0f7c999d2169 | hpdev:8d32c0c992db65126e5c | hpdev:2fe32d4b2e73757428c7,"Steven Weinberg | Abdus Salam | Abdus Salam Chair in Physics | Abdus Salam Chair (LUMS) | Abdus Salam School of Mathematical Sciences | Abdus Salam Medal | House of Abdus Salam, Jhang | Edward Bouchet Abdus Salam Institute | International Centre for Theoretical Physics | Government Post Graduate College (Jhang)"
5ae73c00554299572ea5478a,"The Runge-Kutta methods were developed by M.W. Kutta and a German mathematician, physicist, and Spectroscopist that was born in what year?",1856,Runge–Kutta methods,Carl David Tolmé Runge,1,3,1,3,complete,,True,False,False,True,False,False,True,True,True,True,True,True,True,True,True,hpdev:0da02eb8451a00013786 | hpdev:d50513ac3b2396a51c6c | hpdev:047d39e3181ad8f8a333 | hpdev:c2c1cf423e5884414e64 | hpdev:13b82418a603fd219f5e | hpdev:8c7549e36b7be8241495 | hpdev:9f997ebc677e66087fdb | hpdev:d9a9f01b5aad180e0fe3 | hpdev:bc1b6edc56b3850f7fe5 | hpdev:072e0f14f413974e84f7,Runge–Kutta methods | Runge–Kutta–Fehlberg method | Carl David Tolmé Runge | Segregated Runge-Kutta methods | Runge's theorem | Martin Wilhelm Kutta | Kutta condition | Frank Natterer | Wolfgang Hackbusch | Kutta–Joukowski theorem
5adc2e3d554299438c868d6b,Jesús Dautt is a Mexican professional footballer who is on loan from a club founded on what date?,28 June 1945,C.F. Monterrey,Jesús Dautt,50,1,1,50,partial,,False,True,False,False,True,False,False,True,False,False,True,False,False,True,False,hpdev:311b218be364f4c6797c | hpdev:5cb968bea7251ccd446f | hpdev:b7244f21c01ebe807fc1 | hpdev:d723320ccdbba18a86b2 | hpdev:401a9f3e0ed0e2fd8656 | hpdev:7658fe8a4cb8492be9f9 | hpdev:7de4208836878558cacc | hpdev:3c2b248ddb7a6e7943a6 | hpdev:7dd84484a3b1e0bdbe8d | hpdev:9b68b22d1022b432c94d,Jesús Dautt | Jesús Urbina | Edgar Alaffita | Jesús Dueñas | José de Jesús Godínez | Jesús Manuel Corona | Enrique Cedillo | Alan Puga | Jesús Gallardo | Jesús Daniel García
